rdtsupp1,rdtsupp2,rdtsupp3,rdtsupp4,rdtsupp5,rdtsupp6,rdtsupp7,PARENT_KEY,KEY,SET-OF-rdt_supp1
Shelf life,5,,1,Lagos,Lagos,-9888,uuid:ae345fbb-4f90-49ac-939c-4044e4fb6bfd,uuid:ae345fbb-4f90-49ac-939c-4044e4fb6bfd/consent_group-section7-section7b-rdt_supp1[1],uuid:ae345fbb-4f90-49ac-939c-4044e4fb6bfd/consent_group-section7-section7b-rdt_supp1
Kallycare,5,,1,Agbelekale,Ekoro road,-9888,uuid:75922fbe-b183-49ad-bdc5-a4b6b5e34fc0,uuid:75922fbe-b183-49ad-bdc5-a4b6b5e34fc0/consent_group-section7-section7b-rdt_supp1[1],uuid:75922fbe-b183-49ad-bdc5-a4b6b5e34fc0/consent_group-section7-section7b-rdt_supp1
-9888,5,,1,Idumota,Asogbon street,-9888,uuid:a75027c5-cb3e-42b8-8c80-6dcf7f1debc8,uuid:a75027c5-cb3e-42b8-8c80-6dcf7f1debc8/consent_group-section7-section7b-rdt_supp1[1],uuid:a75027c5-cb3e-42b8-8c80-6dcf7f1debc8/consent_group-section7-section7b-rdt_supp1
-9888,96,Laboratory equipment,1,Badagry,Senapo,-9888,uuid:41bbc295-f252-4cec-a632-0b29dc66419d,uuid:41bbc295-f252-4cec-a632-0b29dc66419d/consent_group-section7-section7b-rdt_supp1[1],uuid:41bbc295-f252-4cec-a632-0b29dc66419d/consent_group-section7-section7b-rdt_supp1
Yankee Pharmacy,5,,1,Badagry Lagos,Opposite Badagry Grammer School Badagry Lagos,-9888,uuid:163c52e1-49ca-4a05-ab30-e5dad551851c,uuid:163c52e1-49ca-4a05-ab30-e5dad551851c/consent_group-section7-section7b-rdt_supp1[1],uuid:163c52e1-49ca-4a05-ab30-e5dad551851c/consent_group-section7-section7b-rdt_supp1
Remidial,4,,1,Lagos,Online,Online,uuid:119da8e3-2639-4a33-a554-8e407e3d9278,uuid:119da8e3-2639-4a33-a554-8e407e3d9278/consent_group-section7-section7b-rdt_supp1[1],uuid:119da8e3-2639-4a33-a554-8e407e3d9278/consent_group-section7-section7b-rdt_supp1
Society for Family Health (SFH),96,NGO,1,Ikeja,-9888,-9888,uuid:c1840f9f-de79-46d1-90eb-a91b261b98d5,uuid:c1840f9f-de79-46d1-90eb-a91b261b98d5/consent_group-section7-section7b-rdt_supp1[1],uuid:c1840f9f-de79-46d1-90eb-a91b261b98d5/consent_group-section7-section7b-rdt_supp1
TAJUDDEEN NIGERIA LIMITED,4,,2,KANO,DAN GWAURO,08088143730,uuid:3c377174-d955-4357-860d-badb002199de,uuid:3c377174-d955-4357-860d-badb002199de/consent_group-section7-section7b-rdt_supp1[1],uuid:3c377174-d955-4357-860d-badb002199de/consent_group-section7-section7b-rdt_supp1
CHIBUZO,4,,2,KANO,DAWAKI,-9777,uuid:3ab5d9fc-5e3b-4fc2-9130-8339354c5f36,uuid:3ab5d9fc-5e3b-4fc2-9130-8339354c5f36/consent_group-section7-section7b-rdt_supp1[1],uuid:3ab5d9fc-5e3b-4fc2-9130-8339354c5f36/consent_group-section7-section7b-rdt_supp1
LATNAS,4,,2,KANO,DANGWAURO,-9888,uuid:a253c984-1bbe-46a0-b52e-16c3413e8df6,uuid:a253c984-1bbe-46a0-b52e-16c3413e8df6/consent_group-section7-section7b-rdt_supp1[1],uuid:a253c984-1bbe-46a0-b52e-16c3413e8df6/consent_group-section7-section7b-rdt_supp1
Healthcheck,4,,1,Lagos,Lagos,-9888,uuid:e8cbefa8-7ddc-49ce-871f-2f6bc30d31fa,uuid:e8cbefa8-7ddc-49ce-871f-2f6bc30d31fa/consent_group-section7-section7b-rdt_supp1[1],uuid:e8cbefa8-7ddc-49ce-871f-2f6bc30d31fa/consent_group-section7-section7b-rdt_supp1
Fedeson,4,,1,Idumota Lagos,Eko Idumota Lagos,-9888,uuid:09bb8aea-6fe0-49e1-9570-92367ac33886,uuid:09bb8aea-6fe0-49e1-9570-92367ac33886/consent_group-section7-section7b-rdt_supp1[1],uuid:09bb8aea-6fe0-49e1-9570-92367ac33886/consent_group-section7-section7b-rdt_supp1
Emma Pharmacy,5,,1,Surulere Lagos,"Omilani, Surulere Lagos",-9888,uuid:09bb8aea-6fe0-49e1-9570-92367ac33886,uuid:09bb8aea-6fe0-49e1-9570-92367ac33886/consent_group-section7-section7b-rdt_supp1[2],uuid:09bb8aea-6fe0-49e1-9570-92367ac33886/consent_group-section7-section7b-rdt_supp1
DR NURA,4,,2,WUDIL,SABON GARI,-9888,uuid:b998b767-4694-420e-82c5-ad3744c1b43b,uuid:b998b767-4694-420e-82c5-ad3744c1b43b/consent_group-section7-section7b-rdt_supp1[1],uuid:b998b767-4694-420e-82c5-ad3744c1b43b/consent_group-section7-section7b-rdt_supp1
BELLO MUHAMMAD,4,,2,TAKAI,TAKAI KANO,08136822032,uuid:e5721781-dfcf-44ac-88c5-36bb62bbec57,uuid:e5721781-dfcf-44ac-88c5-36bb62bbec57/consent_group-section7-section7b-rdt_supp1[1],uuid:e5721781-dfcf-44ac-88c5-36bb62bbec57/consent_group-section7-section7b-rdt_supp1
GOJE,4,,2,DARKI,KOFAR KUDU DARKI ALONG PRIMARY SCHOOL,-9888,uuid:a73da546-a2d5-4099-96b7-64ac40b02658,uuid:a73da546-a2d5-4099-96b7-64ac40b02658/consent_group-section7-section7b-rdt_supp1[1],uuid:a73da546-a2d5-4099-96b7-64ac40b02658/consent_group-section7-section7b-rdt_supp1
GOJE,4,,2,DARKI BAKIN KASUWA,DARKI BAKIN KASUWA,-9888,uuid:ac36ea9b-aacd-41d0-acd3-3cf28b73c1c4,uuid:ac36ea9b-aacd-41d0-acd3-3cf28b73c1c4/consent_group-section7-section7b-rdt_supp1[1],uuid:ac36ea9b-aacd-41d0-acd3-3cf28b73c1c4/consent_group-section7-section7b-rdt_supp1
RAHAMA MEDICINE STORE,5,,2,DARKI,DARKI KOFAR YAMMA,-9888,uuid:ddc946b8-abcc-4aa3-844e-8ee8389d6500,uuid:ddc946b8-abcc-4aa3-844e-8ee8389d6500/consent_group-section7-section7b-rdt_supp1[1],uuid:ddc946b8-abcc-4aa3-844e-8ee8389d6500/consent_group-section7-section7b-rdt_supp1
ADAMAT PHARMACY,5,,2,DAWAKIN KUDU,KWANAR DAWAKI OPPOSITE PZER HOSPITAL,08039765828,uuid:caa16b46-c30d-4484-9a71-4ac1dab4293e,uuid:caa16b46-c30d-4484-9a71-4ac1dab4293e/consent_group-section7-section7b-rdt_supp1[1],uuid:caa16b46-c30d-4484-9a71-4ac1dab4293e/consent_group-section7-section7b-rdt_supp1
ZAMZAM PHARMACY,5,,2,GAYA TOWN,MAIDUGURI ROAD GAYA OPPOSITE KOFAR KUKA,08123887620,uuid:111d4a64-a2aa-48a2-876e-635754de819d,uuid:111d4a64-a2aa-48a2-876e-635754de819d/consent_group-section7-section7b-rdt_supp1[1],uuid:111d4a64-a2aa-48a2-876e-635754de819d/consent_group-section7-section7b-rdt_supp1
ALH BASHIR,5,,2,KANO,DANGAURO MARKET,08052902937,uuid:6d72a638-a045-47e5-9691-44a6405fbd10,uuid:6d72a638-a045-47e5-9691-44a6405fbd10/consent_group-section7-section7b-rdt_supp1[1],uuid:6d72a638-a045-47e5-9691-44a6405fbd10/consent_group-section7-section7b-rdt_supp1
LATINAS PHARMACEUTICAL COMPANY,5,,2,KANO,DANGAURO MARKET,08037507220,uuid:6d72a638-a045-47e5-9691-44a6405fbd10,uuid:6d72a638-a045-47e5-9691-44a6405fbd10/consent_group-section7-section7b-rdt_supp1[2],uuid:6d72a638-a045-47e5-9691-44a6405fbd10/consent_group-section7-section7b-rdt_supp1
ALH. MAGAJI,5,,2,KANO,DANGAURO MARKET,-9888,uuid:6d72a638-a045-47e5-9691-44a6405fbd10,uuid:6d72a638-a045-47e5-9691-44a6405fbd10/consent_group-section7-section7b-rdt_supp1[3],uuid:6d72a638-a045-47e5-9691-44a6405fbd10/consent_group-section7-section7b-rdt_supp1
AL MANSUR MEDICINE STORE,4,,2,WUDIL,NO 28 ALU DARMAN ROAD KOFAR KUDU WUDIL L.G.A KANO,08084308219,uuid:ad114a67-f5d6-4b65-aee8-16644c7e7ff6,uuid:ad114a67-f5d6-4b65-aee8-16644c7e7ff6/consent_group-section7-section7b-rdt_supp1[1],uuid:ad114a67-f5d6-4b65-aee8-16644c7e7ff6/consent_group-section7-section7b-rdt_supp1
DANGWAURO,5,,2,KANO,KATSINA ROAD,-9888,uuid:4b6b5559-73b4-441b-b6ba-419926638ad2,uuid:4b6b5559-73b4-441b-b6ba-419926638ad2/consent_group-section7-section7b-rdt_supp1[1],uuid:4b6b5559-73b4-441b-b6ba-419926638ad2/consent_group-section7-section7b-rdt_supp1
SAM PHARMACEUTICAL LTD,2,,2,LAGOS,KANO HADEJA ROAD,08058277570,uuid:4b6b5559-73b4-441b-b6ba-419926638ad2,uuid:4b6b5559-73b4-441b-b6ba-419926638ad2/consent_group-section7-section7b-rdt_supp1[2],uuid:4b6b5559-73b4-441b-b6ba-419926638ad2/consent_group-section7-section7b-rdt_supp1
ZAMZAM MEDICINE STORE,5,,2,GAYA LGA,"KOFAR KUKA,TSOHUWAR TASHA HANYAR MAIDUGURI,GAYA.",08082145186,uuid:02b2a3a0-cea5-45f3-ae4d-0327279275f7,uuid:02b2a3a0-cea5-45f3-ae4d-0327279275f7/consent_group-section7-section7b-rdt_supp1[1],uuid:02b2a3a0-cea5-45f3-ae4d-0327279275f7/consent_group-section7-section7b-rdt_supp1
ZAMZAM MEDICAL STORE,4,,2,GAYA,GAYA TSOWUWAR TASHA,08082145186,uuid:6040306e-8247-497f-a2ba-6bfa7bf6f129,uuid:6040306e-8247-497f-a2ba-6bfa7bf6f129/consent_group-section7-section7b-rdt_supp1[1],uuid:6040306e-8247-497f-a2ba-6bfa7bf6f129/consent_group-section7-section7b-rdt_supp1
TIMOTHY,4,,2,KANO,KURA CIKIN GARI,-9888,uuid:053ca51c-81c6-4a60-aaf0-1dc792b69ad5,uuid:053ca51c-81c6-4a60-aaf0-1dc792b69ad5/consent_group-section7-section7b-rdt_supp1[1],uuid:053ca51c-81c6-4a60-aaf0-1dc792b69ad5/consent_group-section7-section7b-rdt_supp1
HAMISU ABDULLAHI,5,,2,KANO,DANGAURO MARKET,-9888,uuid:053ca51c-81c6-4a60-aaf0-1dc792b69ad5,uuid:053ca51c-81c6-4a60-aaf0-1dc792b69ad5/consent_group-section7-section7b-rdt_supp1[2],uuid:053ca51c-81c6-4a60-aaf0-1dc792b69ad5/consent_group-section7-section7b-rdt_supp1
IK,4,,2,KURA,KURA CIKIN GARI,-9888,uuid:053ca51c-81c6-4a60-aaf0-1dc792b69ad5,uuid:053ca51c-81c6-4a60-aaf0-1dc792b69ad5/consent_group-section7-section7b-rdt_supp1[3],uuid:053ca51c-81c6-4a60-aaf0-1dc792b69ad5/consent_group-section7-section7b-rdt_supp1
OJOS PHARMACY,5,,1,Odogunyan,Odogunyan bus stop ikorodu lagos state,-9888,uuid:031a47a8-4fab-4487-94d7-ec8f9d6c7ef9,uuid:031a47a8-4fab-4487-94d7-ec8f9d6c7ef9/consent_group-section7-section7b-rdt_supp1[1],uuid:031a47a8-4fab-4487-94d7-ec8f9d6c7ef9/consent_group-section7-section7b-rdt_supp1
IK,4,,2,KURA,Ä¶URA KOFAR YAMMA,-9888,uuid:3b22e9e1-60cc-4d2f-8c36-c0f8871a74bc,uuid:3b22e9e1-60cc-4d2f-8c36-c0f8871a74bc/consent_group-section7-section7b-rdt_supp1[1],uuid:3b22e9e1-60cc-4d2f-8c36-c0f8871a74bc/consent_group-section7-section7b-rdt_supp1
I U M AFUWA,4,,2,DANGORO,-9888,-9888,uuid:6a315e97-0261-4ddb-a172-a00d797a1f2e,uuid:6a315e97-0261-4ddb-a172-a00d797a1f2e/consent_group-section7-section7b-rdt_supp1[1],uuid:6a315e97-0261-4ddb-a172-a00d797a1f2e/consent_group-section7-section7b-rdt_supp1
RABI'U,5,,2,DANGWAURO,"NO,100 ZANGON KABO,DANGWAURO KANO.",09049858277,uuid:d9d2ae35-5f9f-46fd-ac4a-912fb7a42d90,uuid:d9d2ae35-5f9f-46fd-ac4a-912fb7a42d90/consent_group-section7-section7b-rdt_supp1[1],uuid:d9d2ae35-5f9f-46fd-ac4a-912fb7a42d90/consent_group-section7-section7b-rdt_supp1
I.K. BEN PHARMACY NIG LTD,5,,2,KANO,NO 7 NIGER STREET KANO,08033411765,uuid:08df2755-3c94-4af0-a09d-21b7b5b59032,uuid:08df2755-3c94-4af0-a09d-21b7b5b59032/consent_group-section7-section7b-rdt_supp1[1],uuid:08df2755-3c94-4af0-a09d-21b7b5b59032/consent_group-section7-section7b-rdt_supp1
MAISHAMED NIG LTD,4,,2,KANO,-9888,-9888,uuid:efbb5639-2d28-42da-a988-e8143d12f068,uuid:efbb5639-2d28-42da-a988-e8143d12f068/consent_group-section7-section7b-rdt_supp1[1],uuid:efbb5639-2d28-42da-a988-e8143d12f068/consent_group-section7-section7b-rdt_supp1
WAGINI STORE,5,,2,GWALE L.G.A,MOTOR PARK GWALE,08155860948,uuid:4ed88cb9-b128-4814-94e0-6841df9cc17f,uuid:4ed88cb9-b128-4814-94e0-6841df9cc17f/consent_group-section7-section7b-rdt_supp1[1],uuid:4ed88cb9-b128-4814-94e0-6841df9cc17f/consent_group-section7-section7b-rdt_supp1
H U K MEDICINE STORE,5,,2,KUNYA,"H U K MEDICINE STORE, KUNYA",08032066683,uuid:a7fbd4f1-25d3-4846-9b88-1a57b34e8b99,uuid:a7fbd4f1-25d3-4846-9b88-1a57b34e8b99/consent_group-section7-section7b-rdt_supp1[1],uuid:a7fbd4f1-25d3-4846-9b88-1a57b34e8b99/consent_group-section7-section7b-rdt_supp1
-9888,4,,2,MINJIBIR,-9888,08024243802,uuid:a7fbd4f1-25d3-4846-9b88-1a57b34e8b99,uuid:a7fbd4f1-25d3-4846-9b88-1a57b34e8b99/consent_group-section7-section7b-rdt_supp1[2],uuid:a7fbd4f1-25d3-4846-9b88-1a57b34e8b99/consent_group-section7-section7b-rdt_supp1
DUTSE PHARMACY,5,,2,KANO,RIJIYAR LEMO OPP OVERHEAD BRIDGE,07033729390,uuid:d93b0698-0c8e-4b5f-a5ad-8984b0e9f899,uuid:d93b0698-0c8e-4b5f-a5ad-8984b0e9f899/consent_group-section7-section7b-rdt_supp1[1],uuid:d93b0698-0c8e-4b5f-a5ad-8984b0e9f899/consent_group-section7-section7b-rdt_supp1
JAMAL,4,,2,KWANAR DUMAWA KANO,KWANAR DUMAWA KANO,-9888,uuid:73765bb6-3aab-475a-a97c-361deef9f3e5,uuid:73765bb6-3aab-475a-a97c-361deef9f3e5/consent_group-section7-section7b-rdt_supp1[1],uuid:73765bb6-3aab-475a-a97c-361deef9f3e5/consent_group-section7-section7b-rdt_supp1
1,5,,2,KANO,DAWANAU,-9888,uuid:6b77cd93-bd47-4367-8c71-e32192340a07,uuid:6b77cd93-bd47-4367-8c71-e32192340a07/consent_group-section7-section7b-rdt_supp1[1],uuid:6b77cd93-bd47-4367-8c71-e32192340a07/consent_group-section7-section7b-rdt_supp1
DAN MAMA MEDICINE STORE,5,,2,TARAUNI,UNGUWA UKU MOTOR PARK,-9777,uuid:6a8e552d-ad6d-4fc5-a697-f546b7658a4b,uuid:6a8e552d-ad6d-4fc5-a697-f546b7658a4b/consent_group-section7-section7b-rdt_supp1[1],uuid:6a8e552d-ad6d-4fc5-a697-f546b7658a4b/consent_group-section7-section7b-rdt_supp1
ALBARKA MEDICINE STORE,5,,2,TARAUNI,UNGUWA UKU MOTOR PARK,-9777,uuid:6a8e552d-ad6d-4fc5-a697-f546b7658a4b,uuid:6a8e552d-ad6d-4fc5-a697-f546b7658a4b/consent_group-section7-section7b-rdt_supp1[2],uuid:6a8e552d-ad6d-4fc5-a697-f546b7658a4b/consent_group-section7-section7b-rdt_supp1
DAN MAMA MEDICINE STORE,5,,2,TARAUNI,UNGUWA UKU MARKET,-9777,uuid:931ef726-4e20-4d5f-88ff-097ca4b86cf6,uuid:931ef726-4e20-4d5f-88ff-097ca4b86cf6/consent_group-section7-section7b-rdt_supp1[1],uuid:931ef726-4e20-4d5f-88ff-097ca4b86cf6/consent_group-section7-section7b-rdt_supp1
KUKA MEDICALS,4,,2,KANO,NO 45 TAFAWA BALEWA ROAD OPP HOTEL DE FRANCE,08023017999,uuid:71e3ab19-3f4c-451e-b872-eaaf17f2bafa,uuid:71e3ab19-3f4c-451e-b872-eaaf17f2bafa/consent_group-section7-section7b-rdt_supp1[1],uuid:71e3ab19-3f4c-451e-b872-eaaf17f2bafa/consent_group-section7-section7b-rdt_supp1
DAN MAMA MEDICINE STORE,4,,2,KANO,UNGUWA UKU MOTOR PACK,07065727684,uuid:1b10a972-499f-422f-8c52-c459f634ef25,uuid:1b10a972-499f-422f-8c52-c459f634ef25/consent_group-section7-section7b-rdt_supp1[1],uuid:1b10a972-499f-422f-8c52-c459f634ef25/consent_group-section7-section7b-rdt_supp1
SHAFIU GARBA,96,PRIVATE SHOP OWNER,2,KANO,DAN MAMA MEDICINE STORE.  UNGUWA UKU MOTOR PARK.,07065727684 / 08078555350,uuid:8adc1379-7466-46c4-a6fa-667d9ab3a333,uuid:8adc1379-7466-46c4-a6fa-667d9ab3a333/consent_group-section7-section7b-rdt_supp1[1],uuid:8adc1379-7466-46c4-a6fa-667d9ab3a333/consent_group-section7-section7b-rdt_supp1
RABIU MAHMUD,4,,2,KANO,KWANAR DANGORO,-9888,uuid:8cdc98fd-57e4-40a9-99ad-da8ecb2ddd8f,uuid:8cdc98fd-57e4-40a9-99ad-da8ecb2ddd8f/consent_group-section7-section7b-rdt_supp1[1],uuid:8cdc98fd-57e4-40a9-99ad-da8ecb2ddd8f/consent_group-section7-section7b-rdt_supp1
DANNAMA,4,,2,Kano,UNGUA UKU MOTOR PARK,07065727684,uuid:0e1d934a-153f-4e9a-be9f-8fabf0cb4cab,uuid:0e1d934a-153f-4e9a-be9f-8fabf0cb4cab/consent_group-section7-section7b-rdt_supp1[1],uuid:0e1d934a-153f-4e9a-be9f-8fabf0cb4cab/consent_group-section7-section7b-rdt_supp1
DANMAMA MEDICINE STORE,4,,2,KANO,UNGUWA UKU TASHA,-9888,uuid:9b6fb7e7-331b-4cb8-8b69-c0e761c5e718,uuid:9b6fb7e7-331b-4cb8-8b69-c0e761c5e718/consent_group-section7-section7b-rdt_supp1[1],uuid:9b6fb7e7-331b-4cb8-8b69-c0e761c5e718/consent_group-section7-section7b-rdt_supp1
SAFCO MEGA SOLUTIONS,4,,1,Lekki,"Plot 6, ogombo road lekki epe express way lagos",-9888,uuid:6e9a4f4b-1cf7-4d9d-be7e-52b307551fe0,uuid:6e9a4f4b-1cf7-4d9d-be7e-52b307551fe0/consent_group-section7-section7b-rdt_supp1[1],uuid:6e9a4f4b-1cf7-4d9d-be7e-52b307551fe0/consent_group-section7-section7b-rdt_supp1
1,4,,2,Kano,UNGUWA UKU MOTOR PACK,08103893877,uuid:8c8f2f33-ef83-4dfe-ba5f-d5e8dcbc802f,uuid:8c8f2f33-ef83-4dfe-ba5f-d5e8dcbc802f/consent_group-section7-section7b-rdt_supp1[1],uuid:8c8f2f33-ef83-4dfe-ba5f-d5e8dcbc802f/consent_group-section7-section7b-rdt_supp1
NAS LAB PHARMACY,5,,2,KANO,DAN GWAURO KANO,08109419214,uuid:7f379724-39b8-4181-bb42-203c1fc65295,uuid:7f379724-39b8-4181-bb42-203c1fc65295/consent_group-section7-section7b-rdt_supp1[1],uuid:7f379724-39b8-4181-bb42-203c1fc65295/consent_group-section7-section7b-rdt_supp1
IMAM PHARMACEUTICAL,5,,2,KANO,DAN GWAURO,09039200019,uuid:74f6be56-ddcc-42eb-86ca-454bf7579d61,uuid:74f6be56-ddcc-42eb-86ca-454bf7579d61/consent_group-section7-section7b-rdt_supp1[1],uuid:74f6be56-ddcc-42eb-86ca-454bf7579d61/consent_group-section7-section7b-rdt_supp1
JOHN CHIGOZI,4,,2,KANO,DANGWAURO MARKET,08092885894,uuid:553b74bc-fd71-43a8-a6c5-14706734159c,uuid:553b74bc-fd71-43a8-a6c5-14706734159c/consent_group-section7-section7b-rdt_supp1[1],uuid:553b74bc-fd71-43a8-a6c5-14706734159c/consent_group-section7-section7b-rdt_supp1
NAZIFI ADAMU,4,,2,KANO,DANGWAURO MARKET,08030494712,uuid:553b74bc-fd71-43a8-a6c5-14706734159c,uuid:553b74bc-fd71-43a8-a6c5-14706734159c/consent_group-section7-section7b-rdt_supp1[2],uuid:553b74bc-fd71-43a8-a6c5-14706734159c/consent_group-section7-section7b-rdt_supp1
New height PHARMACEUTICAL ltd,4,,1,Maryland,"3A, olaide benson street off ikorodu road onigbogbo maryland lagos",-9888,uuid:59a9711b-c2e3-4d27-952f-9ef41103f723,uuid:59a9711b-c2e3-4d27-952f-9ef41103f723/consent_group-section7-section7b-rdt_supp1[1],uuid:59a9711b-c2e3-4d27-952f-9ef41103f723/consent_group-section7-section7b-rdt_supp1
MAISHA MED,11,,2,KANO,-9888,-9888,uuid:3cc61cab-6cd4-4a2a-a3a3-fb12c1b4c8ac,uuid:3cc61cab-6cd4-4a2a-a3a3-fb12c1b4c8ac/consent_group-section7-section7b-rdt_supp1[1],uuid:3cc61cab-6cd4-4a2a-a3a3-fb12c1b4c8ac/consent_group-section7-section7b-rdt_supp1
KUKA MEDICALS LTD,4,,2,KANO,NO 45 TAFAWA BALEWA ROAD OPPOSITE HOTEL DE FRANCEKANO,08023026366,uuid:0093483d-c48d-4470-8fd6-b9490397cd40,uuid:0093483d-c48d-4470-8fd6-b9490397cd40/consent_group-section7-section7b-rdt_supp1[1],uuid:0093483d-c48d-4470-8fd6-b9490397cd40/consent_group-section7-section7b-rdt_supp1
ZANGO KABO PHARMACEUTICALS COMPANY LIMITED,4,,2,KANO STATE,"NO 7 NIGER STREET,  ADJACENT TO MALAM KATO SQUARE KANO.",08023606454/ 08097171886,uuid:ccbf2134-04b1-4815-9700-7fc9c918d5c2,uuid:ccbf2134-04b1-4815-9700-7fc9c918d5c2/consent_group-section7-section7b-rdt_supp1[1],uuid:ccbf2134-04b1-4815-9700-7fc9c918d5c2/consent_group-section7-section7b-rdt_supp1
KABO,4,,2,KUMBOTSO,DANGWAURO,-9888,uuid:8e46a7f0-1f96-4981-b9ff-f98826f0a131,uuid:8e46a7f0-1f96-4981-b9ff-f98826f0a131/consent_group-section7-section7b-rdt_supp1[1],uuid:8e46a7f0-1f96-4981-b9ff-f98826f0a131/consent_group-section7-section7b-rdt_supp1
"LAWAL AL-KASIM _ZANGON KABO ,DAN GWAURO KUMBOSTO",96,PPMV WHOLESALE,2,"DANGWAURO, KANO.","ZANGON KABO, DAN GWAURO KUMBOTSO.",07015928030,uuid:5a3cb8b7-66fc-4090-b05d-036fdf4f4a74,uuid:5a3cb8b7-66fc-4090-b05d-036fdf4f4a74/consent_group-section7-section7b-rdt_supp1[1],uuid:5a3cb8b7-66fc-4090-b05d-036fdf4f4a74/consent_group-section7-section7b-rdt_supp1
ALHAJI AHMAD...DANILIBI INVESTMENT,96,PPMV WHOLESALE,2,DANGWAURO,"KEC/CWC DS 2010,BLOCK A KANAWA ECONOMIC CENTRE DAN GWAURO,ZARIA ROAD,KANO.",08036739161 or 09075236885,uuid:b7b959ed-35ca-494f-9dbb-2540aee4f44e,uuid:b7b959ed-35ca-494f-9dbb-2540aee4f44e/consent_group-section7-section7b-rdt_supp1[1],uuid:b7b959ed-35ca-494f-9dbb-2540aee4f44e/consent_group-section7-section7b-rdt_supp1
ALHAMZAT DAN GWAURO,7,,2,KANO,KANO DANGWAURO MARKET,08088644345,uuid:b2758852-bca2-4cce-8cd4-4ae0839974b6,uuid:b2758852-bca2-4cce-8cd4-4ae0839974b6/consent_group-section7-section7b-rdt_supp1[1],uuid:b2758852-bca2-4cce-8cd4-4ae0839974b6/consent_group-section7-section7b-rdt_supp1
DAN MAMA MEDICINE STORE,5,,2,TARAUNI,UNGUWA UKU MOTOR PARK,-9777,uuid:6bfd628f-5d72-4eac-8793-41be2606fa44,uuid:6bfd628f-5d72-4eac-8793-41be2606fa44/consent_group-section7-section7b-rdt_supp1[1],uuid:6bfd628f-5d72-4eac-8793-41be2606fa44/consent_group-section7-section7b-rdt_supp1
DAN MAMA PHARMACEUTICAL STORE,5,,2,KANO,UNGUWA UKU MOTOR PARK,-9777,uuid:72338752-de88-4ac1-bb14-8d3168b04de1,uuid:72338752-de88-4ac1-bb14-8d3168b04de1/consent_group-section7-section7b-rdt_supp1[1],uuid:72338752-de88-4ac1-bb14-8d3168b04de1/consent_group-section7-section7b-rdt_supp1
ZANGON KABO PHARMACEUTICAL COM LTD,5,,2,KANO,KANO ECONOMIC CITY DANGWAURO ZARIA ROAD KANO,08023606454,uuid:a62d2c7c-e546-461a-8cd3-772e7eaf02f2,uuid:a62d2c7c-e546-461a-8cd3-772e7eaf02f2/consent_group-section7-section7b-rdt_supp1[1],uuid:a62d2c7c-e546-461a-8cd3-772e7eaf02f2/consent_group-section7-section7b-rdt_supp1
BASHCONE PHARMACY,5,,2,KUMBOTSO,DANGWAURO,070177779/08034366970,uuid:ff9a5206-0d3e-45bb-9bae-db5c339da9ce,uuid:ff9a5206-0d3e-45bb-9bae-db5c339da9ce/consent_group-section7-section7b-rdt_supp1[1],uuid:ff9a5206-0d3e-45bb-9bae-db5c339da9ce/consent_group-section7-section7b-rdt_supp1
ZANGON KABO PHARMACEUTICAL COM LTD,96,WHOLESALER,2,KANO,NIGER STREET MALAM KATO SQUARE KANO,08023606454,uuid:00aa782b-be46-4315-bbb6-76dbe4d11042,uuid:00aa782b-be46-4315-bbb6-76dbe4d11042/consent_group-section7-section7b-rdt_supp1[1],uuid:00aa782b-be46-4315-bbb6-76dbe4d11042/consent_group-section7-section7b-rdt_supp1
-9777,97,,-9777,-9777,-9777,-9777,uuid:07739124-fd25-466c-a88b-1d4dc910d0b5,uuid:07739124-fd25-466c-a88b-1d4dc910d0b5/consent_group-section7-section7b-rdt_supp1[1],uuid:07739124-fd25-466c-a88b-1d4dc910d0b5/consent_group-section7-section7b-rdt_supp1
-9888,5,,2,KANO,KWANAR DAN GORA,-9888,uuid:2de6d80d-10c2-416e-abf1-83e80ebbc923,uuid:2de6d80d-10c2-416e-abf1-83e80ebbc923/consent_group-section7-section7b-rdt_supp1[1],uuid:2de6d80d-10c2-416e-abf1-83e80ebbc923/consent_group-section7-section7b-rdt_supp1
ALSUHAIL MEDICINE CENTRE,5,,2,KANO,"HOTORO, DAN MARKE",08034899088,uuid:5198ff11-551b-42a2-b99b-a905cb1aaa20,uuid:5198ff11-551b-42a2-b99b-a905cb1aaa20/consent_group-section7-section7b-rdt_supp1[1],uuid:5198ff11-551b-42a2-b99b-a905cb1aaa20/consent_group-section7-section7b-rdt_supp1
AL-IHSAN MEDICINE STORE,5,,2,KANO,"LARABA MARKET, MARIRI",08160805867,uuid:77854091-abcc-4e86-80c3-772b1637e22b,uuid:77854091-abcc-4e86-80c3-772b1637e22b/consent_group-section7-section7b-rdt_supp1[1],uuid:77854091-abcc-4e86-80c3-772b1637e22b/consent_group-section7-section7b-rdt_supp1
JOE DRUGS PHARMACY,5,,1,AJAH,-9888,07066035755,uuid:034f75cf-06e7-43e4-9849-2dd0f8b64cd8,uuid:034f75cf-06e7-43e4-9849-2dd0f8b64cd8/consent_group-section7-section7b-rdt_supp1[1],uuid:034f75cf-06e7-43e4-9849-2dd0f8b64cd8/consent_group-section7-section7b-rdt_supp1
Safco Pharmacy,4,,1,Sangotedo Lagos,"Ogombo road, Sangotedo Lagos",-9888,uuid:99400a17-af8e-46d2-85c1-4dacbeb605bf,uuid:99400a17-af8e-46d2-85c1-4dacbeb605bf/consent_group-section7-section7b-rdt_supp1[1],uuid:99400a17-af8e-46d2-85c1-4dacbeb605bf/consent_group-section7-section7b-rdt_supp1
LATINAS MEDICINE STORE,5,,2,KANO,DANGAURO MARKET,-9777,uuid:81515310-0728-45f7-a728-c545b4c5a3bc,uuid:81515310-0728-45f7-a728-c545b4c5a3bc/consent_group-section7-section7b-rdt_supp1[1],uuid:81515310-0728-45f7-a728-c545b4c5a3bc/consent_group-section7-section7b-rdt_supp1
LATINAS PHARMACEUTICAL STORE,5,,2,KANO,DANGAURO MARKET KANO,-9777,uuid:02188c8a-b1c5-4c13-b634-3da048086500,uuid:02188c8a-b1c5-4c13-b634-3da048086500/consent_group-section7-section7b-rdt_supp1[1],uuid:02188c8a-b1c5-4c13-b634-3da048086500/consent_group-section7-section7b-rdt_supp1
RAMLAT PHARMACEUTICAL STORE,5,,2,KANO,DANGAURO MARKET,-9777,uuid:8a5446d2-0d3b-4978-9225-dfe8d788dcc8,uuid:8a5446d2-0d3b-4978-9225-dfe8d788dcc8/consent_group-section7-section7b-rdt_supp1[1],uuid:8a5446d2-0d3b-4978-9225-dfe8d788dcc8/consent_group-section7-section7b-rdt_supp1
NURA ABUBAKAR,5,,2,KANO,DANGAURO MARKET,08039994678,uuid:8a5446d2-0d3b-4978-9225-dfe8d788dcc8,uuid:8a5446d2-0d3b-4978-9225-dfe8d788dcc8/consent_group-section7-section7b-rdt_supp1[2],uuid:8a5446d2-0d3b-4978-9225-dfe8d788dcc8/consent_group-section7-section7b-rdt_supp1
LATENEX PHARMACY,5,,2,KANO,DAN GORO,-9888,uuid:86e2661c-d6c0-40fc-9218-4f8c2c7c9af3,uuid:86e2661c-d6c0-40fc-9218-4f8c2c7c9af3/consent_group-section7-section7b-rdt_supp1[1],uuid:86e2661c-d6c0-40fc-9218-4f8c2c7c9af3/consent_group-section7-section7b-rdt_supp1
PHYSIO EQUIP,5,,2,KANO,NEW HOSPITAL ROAD BY COURT ROAD,-9888,uuid:4cc3e3de-4565-4b0e-be50-8c6d03c04315,uuid:4cc3e3de-4565-4b0e-be50-8c6d03c04315/consent_group-section7-section7b-rdt_supp1[1],uuid:4cc3e3de-4565-4b0e-be50-8c6d03c04315/consent_group-section7-section7b-rdt_supp1
ADO JONES,5,,2,KANO,BELLO ROAD KANO.,-9888,uuid:4cc3e3de-4565-4b0e-be50-8c6d03c04315,uuid:4cc3e3de-4565-4b0e-be50-8c6d03c04315/consent_group-section7-section7b-rdt_supp1[2],uuid:4cc3e3de-4565-4b0e-be50-8c6d03c04315/consent_group-section7-section7b-rdt_supp1
I.U.M AFUWA MEDICINE STORE,5,,2,KANO,DANGORO ZARIA ROAD,08035919117,uuid:c38e5b5c-733b-4a58-a25f-65f4c0e6bfa6,uuid:c38e5b5c-733b-4a58-a25f-65f4c0e6bfa6/consent_group-section7-section7b-rdt_supp1[1],uuid:c38e5b5c-733b-4a58-a25f-65f4c0e6bfa6/consent_group-section7-section7b-rdt_supp1
LAFIYA TAFI KUDI MEDICAL STORE,4,,2,KUMBOTSO,DANGWAURO,07033557872,uuid:30036536-27f6-4a22-b287-2f7eac5a63fa,uuid:30036536-27f6-4a22-b287-2f7eac5a63fa/consent_group-section7-section7b-rdt_supp1[1],uuid:30036536-27f6-4a22-b287-2f7eac5a63fa/consent_group-section7-section7b-rdt_supp1
BIURETT NIG LTD,4,,2,FAGGE,MALAM KATO,08061293054,uuid:30036536-27f6-4a22-b287-2f7eac5a63fa,uuid:30036536-27f6-4a22-b287-2f7eac5a63fa/consent_group-section7-section7b-rdt_supp1[2],uuid:30036536-27f6-4a22-b287-2f7eac5a63fa/consent_group-section7-section7b-rdt_supp1
MURI SURGICAL AND PHARMACEUTICAL LTD,4,,2,KUMBOTSO,DANGWAURO,08142202436,uuid:30036536-27f6-4a22-b287-2f7eac5a63fa,uuid:30036536-27f6-4a22-b287-2f7eac5a63fa/consent_group-section7-section7b-rdt_supp1[3],uuid:30036536-27f6-4a22-b287-2f7eac5a63fa/consent_group-section7-section7b-rdt_supp1
HUGUMA MEDICINE STORE,5,,2,KANO,DAN GORO,07062373010,uuid:943cf5a6-ac68-4a4f-babc-9b7c900bf257,uuid:943cf5a6-ac68-4a4f-babc-9b7c900bf257/consent_group-section7-section7b-rdt_supp1[1],uuid:943cf5a6-ac68-4a4f-babc-9b7c900bf257/consent_group-section7-section7b-rdt_supp1
KUKA MEDICALS LTD,4,,2,KANO,NO 45 TAFAWA BALEWA ROAD OPPOSITE HOTEL DE FRANCE  KANO,08023017999,uuid:d51ec760-fec9-4c49-8f44-e63ded60b660,uuid:d51ec760-fec9-4c49-8f44-e63ded60b660/consent_group-section7-section7b-rdt_supp1[1],uuid:d51ec760-fec9-4c49-8f44-e63ded60b660/consent_group-section7-section7b-rdt_supp1
ZANGON KABO PHARMACEUTICAL STORE,5,,2,KANO,DANGAURO MARKET,-9777,uuid:d9b47e87-05d5-4200-a4c4-362bd097055c,uuid:d9b47e87-05d5-4200-a4c4-362bd097055c/consent_group-section7-section7b-rdt_supp1[1],uuid:d9b47e87-05d5-4200-a4c4-362bd097055c/consent_group-section7-section7b-rdt_supp1
-9888,5,,2,kANO,DANGWAURO MARKET,-9888,uuid:959e5225-2f40-454d-a7b2-190f901fb313,uuid:959e5225-2f40-454d-a7b2-190f901fb313/consent_group-section7-section7b-rdt_supp1[1],uuid:959e5225-2f40-454d-a7b2-190f901fb313/consent_group-section7-section7b-rdt_supp1
AL SUHAIL,5,,2,KANO,HOTORO BUS STOP DANMARKE,08065274087,uuid:cc1664a4-e08e-4147-aad5-11c4a3041956,uuid:cc1664a4-e08e-4147-aad5-11c4a3041956/consent_group-section7-section7b-rdt_supp1[1],uuid:cc1664a4-e08e-4147-aad5-11c4a3041956/consent_group-section7-section7b-rdt_supp1
GALI PHARMACY,5,,2,KANO,DANGWAURO,08065725527,uuid:50d4a5da-9f96-4791-b90f-3872f71d5edc,uuid:50d4a5da-9f96-4791-b90f-3872f71d5edc/consent_group-section7-section7b-rdt_supp1[1],uuid:50d4a5da-9f96-4791-b90f-3872f71d5edc/consent_group-section7-section7b-rdt_supp1
AL SUHAIL MEDECINE STORE,96,MEDICINE STORE,2,KANO,BESIDE HOTORO PRIMARY SCHOOL,-9888,uuid:9fcc7431-b854-4c7d-848c-7fe2b98be289,uuid:9fcc7431-b854-4c7d-848c-7fe2b98be289/consent_group-section7-section7b-rdt_supp1[1],uuid:9fcc7431-b854-4c7d-848c-7fe2b98be289/consent_group-section7-section7b-rdt_supp1
-9888,5,,2,KANO,DAN GORO,-9888,uuid:7ae27418-19f4-4874-b9bf-ed2bb13d45d7,uuid:7ae27418-19f4-4874-b9bf-ed2bb13d45d7/consent_group-section7-section7b-rdt_supp1[1],uuid:7ae27418-19f4-4874-b9bf-ed2bb13d45d7/consent_group-section7-section7b-rdt_supp1
-9888,4,,2,KANO,-9888,-9888,uuid:a0cab6dc-5095-45cd-980f-89e3c639271f,uuid:a0cab6dc-5095-45cd-980f-89e3c639271f/consent_group-section7-section7b-rdt_supp1[1],uuid:a0cab6dc-5095-45cd-980f-89e3c639271f/consent_group-section7-section7b-rdt_supp1
-9888,5,,2,KANO,-9888,-9888,uuid:a0cab6dc-5095-45cd-980f-89e3c639271f,uuid:a0cab6dc-5095-45cd-980f-89e3c639271f/consent_group-section7-section7b-rdt_supp1[2],uuid:a0cab6dc-5095-45cd-980f-89e3c639271f/consent_group-section7-section7b-rdt_supp1
BLESSED PHARMACY,5,,3,UMUAHIA,LAGOS STREET,-9888,uuid:58879ad0-d8e8-4a22-a4f2-c1b9c784ec50,uuid:58879ad0-d8e8-4a22-a4f2-c1b9c784ec50/consent_group-section7-section7b-rdt_supp1[1],uuid:58879ad0-d8e8-4a22-a4f2-c1b9c784ec50/consent_group-section7-section7b-rdt_supp1
KWAREWA PHARMACEUTICAL STORE,5,,2,KANO,DANGAURO MARKET KANO,-9777,uuid:18403ab7-bd25-4262-988b-602dacb854e4,uuid:18403ab7-bd25-4262-988b-602dacb854e4/consent_group-section7-section7b-rdt_supp1[1],uuid:18403ab7-bd25-4262-988b-602dacb854e4/consent_group-section7-section7b-rdt_supp1
ZANGON KABO PHARMACEUTICALS CO.LTD,5,,2,KANO,"BLOCK A, DS1052 KANO ECONOMIC CITY, DANGWAURO, KANO",08023606454,uuid:45ec08f7-e33c-4fdd-8c59-0e50de198cb1,uuid:45ec08f7-e33c-4fdd-8c59-0e50de198cb1/consent_group-section7-section7b-rdt_supp1[1],uuid:45ec08f7-e33c-4fdd-8c59-0e50de198cb1/consent_group-section7-section7b-rdt_supp1
ZANGON KABO,5,,2,KANO,DAN GORO,-9888,uuid:f470e5da-82a6-49fc-a476-cfcffc76c5bc,uuid:f470e5da-82a6-49fc-a476-cfcffc76c5bc/consent_group-section7-section7b-rdt_supp1[1],uuid:f470e5da-82a6-49fc-a476-cfcffc76c5bc/consent_group-section7-section7b-rdt_supp1
LATINAS PHARMACEUTICAL STORE,5,,2,KANO,DANGAURO MARKET,-9777,uuid:a6044742-d1a6-463d-a272-e30c6a4dc0a8,uuid:a6044742-d1a6-463d-a272-e30c6a4dc0a8/consent_group-section7-section7b-rdt_supp1[1],uuid:a6044742-d1a6-463d-a272-e30c6a4dc0a8/consent_group-section7-section7b-rdt_supp1
LATINAS PHARMACEUTICAL STORE,5,,2,KANO,DANGAURO MARKET,-9777,uuid:ae2c1227-694c-4d50-bcdc-d5fed9a40958,uuid:ae2c1227-694c-4d50-bcdc-d5fed9a40958/consent_group-section7-section7b-rdt_supp1[1],uuid:ae2c1227-694c-4d50-bcdc-d5fed9a40958/consent_group-section7-section7b-rdt_supp1
AL SUHAIL MEDICINE CENTER,4,,2,KANO,NAIBAWA MAIKWALWA NEAR WATER BOARD,07062851504,uuid:cdf10772-6aa6-4b73-b01c-364af4df9d72,uuid:cdf10772-6aa6-4b73-b01c-364af4df9d72/consent_group-section7-section7b-rdt_supp1[1],uuid:cdf10772-6aa6-4b73-b01c-364af4df9d72/consent_group-section7-section7b-rdt_supp1
ZAMAN PHARMACEUTICALS,5,,2,KANO,"NIGER STREET, OPPOSITE MALLAM KATO, FAGGE",07033333233,uuid:7a2aa8e5-43d2-4f71-88f9-1330f04b1f1d,uuid:7a2aa8e5-43d2-4f71-88f9-1330f04b1f1d/consent_group-section7-section7b-rdt_supp1[1],uuid:7a2aa8e5-43d2-4f71-88f9-1330f04b1f1d/consent_group-section7-section7b-rdt_supp1
KUKA MEDICALS,4,,2,KANO,DANGWAURO MARKET,-9888,uuid:915770fb-16a4-46f7-a75b-a35fe4757afc,uuid:915770fb-16a4-46f7-a75b-a35fe4757afc/consent_group-section7-section7b-rdt_supp1[1],uuid:915770fb-16a4-46f7-a75b-a35fe4757afc/consent_group-section7-section7b-rdt_supp1
ZAMAN,5,,2,KANO,TISHAMA SAYE QUARTERS,-9888,uuid:fc515c64-94fa-4805-b3ae-2b875b3e0178,uuid:fc515c64-94fa-4805-b3ae-2b875b3e0178/consent_group-section7-section7b-rdt_supp1[1],uuid:fc515c64-94fa-4805-b3ae-2b875b3e0178/consent_group-section7-section7b-rdt_supp1
ALIYU ABDULLAHI,5,,2,KANO,DANGAURO MARKET KANO,07063862114,uuid:7549d353-95c7-45e0-b474-ae591599d3df,uuid:7549d353-95c7-45e0-b474-ae591599d3df/consent_group-section7-section7b-rdt_supp1[1],uuid:7549d353-95c7-45e0-b474-ae591599d3df/consent_group-section7-section7b-rdt_supp1
DHARUL SHIFA MEDICINE STORE,5,,2,KANO,KAWO KAN GADAR YANMATA,-9888,uuid:a906a653-4a72-4687-9d36-9e48df15e90b,uuid:a906a653-4a72-4687-9d36-9e48df15e90b/consent_group-section7-section7b-rdt_supp1[1],uuid:a906a653-4a72-4687-9d36-9e48df15e90b/consent_group-section7-section7b-rdt_supp1
ZAMAN INVESTMENTS,4,,2,KANO,TISHAMA,-9888,uuid:4f4795fe-e570-4d48-afb8-5fb8f3716c12,uuid:4f4795fe-e570-4d48-afb8-5fb8f3716c12/consent_group-section7-section7b-rdt_supp1[1],uuid:4f4795fe-e570-4d48-afb8-5fb8f3716c12/consent_group-section7-section7b-rdt_supp1
DARUL SHAFA MEDICINE STORE,5,,2,KANO,KAWO GADAR YANMATA,-9888,uuid:142b38c2-c7b2-4e7f-a0da-022004ae6b00,uuid:142b38c2-c7b2-4e7f-a0da-022004ae6b00/consent_group-section7-section7b-rdt_supp1[1],uuid:142b38c2-c7b2-4e7f-a0da-022004ae6b00/consent_group-section7-section7b-rdt_supp1
MUBARAK MUHAMMAD,5,,2,KANO,UNGUWA UKU,08164760421,uuid:0de9bc66-4287-4b9e-97c2-c046ba4ba2c2,uuid:0de9bc66-4287-4b9e-97c2-c046ba4ba2c2/consent_group-section7-section7b-rdt_supp1[1],uuid:0de9bc66-4287-4b9e-97c2-c046ba4ba2c2/consent_group-section7-section7b-rdt_supp1
GENEITH PHARMACEUTICALS LIMITED,5,,2,KANO,DAN GORO,-9888,uuid:bffbb73b-1c38-4ec1-80e5-8d2edaa15f30,uuid:bffbb73b-1c38-4ec1-80e5-8d2edaa15f30/consent_group-section7-section7b-rdt_supp1[1],uuid:bffbb73b-1c38-4ec1-80e5-8d2edaa15f30/consent_group-section7-section7b-rdt_supp1
-9888,5,,2,KANO,DAN,-9888,uuid:36822fc0-3a8e-409b-9646-13dc6eaf3c85,uuid:36822fc0-3a8e-409b-9646-13dc6eaf3c85/consent_group-section7-section7b-rdt_supp1[1],uuid:36822fc0-3a8e-409b-9646-13dc6eaf3c85/consent_group-section7-section7b-rdt_supp1
A.V.I PHAMACO DRUGS LTD,5,,2,KANO,7A NIGER STREET ADJACENT TO MALAM KATO MOTOR PARK INSIDE GIDAN KALLAMU KANO,08039703342/08128061870,uuid:18d4908d-b251-4710-84ea-4a609486f92a,uuid:18d4908d-b251-4710-84ea-4a609486f92a/consent_group-section7-section7b-rdt_supp1[1],uuid:18d4908d-b251-4710-84ea-4a609486f92a/consent_group-section7-section7b-rdt_supp1
BONNY FACE,4,,2,KANO,DANGORO ZARIA ROAD,-9888,uuid:049c2134-b6dc-4415-922f-f650d38d6656,uuid:049c2134-b6dc-4415-922f-f650d38d6656/consent_group-section7-section7b-rdt_supp1[1],uuid:049c2134-b6dc-4415-922f-f650d38d6656/consent_group-section7-section7b-rdt_supp1
LATNAS,4,,2,KANO,DANGWAURO,07036161503,uuid:18505682-3f56-4418-b9ff-002d4f7e70a7,uuid:18505682-3f56-4418-b9ff-002d4f7e70a7/consent_group-section7-section7b-rdt_supp1[1],uuid:18505682-3f56-4418-b9ff-002d4f7e70a7/consent_group-section7-section7b-rdt_supp1
ZANGON KABO PHARMACEUTICAL STORE,5,,2,KANO,DANGAURO MARKET,-9777,uuid:10fdbd7d-6e64-4f63-95a3-ca777ae3f430,uuid:10fdbd7d-6e64-4f63-95a3-ca777ae3f430/consent_group-section7-section7b-rdt_supp1[1],uuid:10fdbd7d-6e64-4f63-95a3-ca777ae3f430/consent_group-section7-section7b-rdt_supp1
I B S PHARMACEUTICAL STORE,5,,2,"KANO,",DANGAURO MARKET,-9777,uuid:10fdbd7d-6e64-4f63-95a3-ca777ae3f430,uuid:10fdbd7d-6e64-4f63-95a3-ca777ae3f430/consent_group-section7-section7b-rdt_supp1[2],uuid:10fdbd7d-6e64-4f63-95a3-ca777ae3f430/consent_group-section7-section7b-rdt_supp1
HUGUMA MEDICINE STORE,5,,2,KANO,DAN GORO,-9888,uuid:734c04f6-d5a3-4f92-9786-2af8018e0fe9,uuid:734c04f6-d5a3-4f92-9786-2af8018e0fe9/consent_group-section7-section7b-rdt_supp1[1],uuid:734c04f6-d5a3-4f92-9786-2af8018e0fe9/consent_group-section7-section7b-rdt_supp1
AIRAB PHARMACY MEDICINE STORE,5,,2,KANO,DANGAURO MARKET,07039038146,uuid:5a054625-3969-4c2c-b212-e2ab977b6ab7,uuid:5a054625-3969-4c2c-b212-e2ab977b6ab7/consent_group-section7-section7b-rdt_supp1[1],uuid:5a054625-3969-4c2c-b212-e2ab977b6ab7/consent_group-section7-section7b-rdt_supp1
TASIU PHARMACEUTICAL,5,,2,KANO,KWANAR DAKATA,-9777,uuid:eb213799-78aa-4b1c-841f-63ef64bab070,uuid:eb213799-78aa-4b1c-841f-63ef64bab070/consent_group-section7-section7b-rdt_supp1[1],uuid:eb213799-78aa-4b1c-841f-63ef64bab070/consent_group-section7-section7b-rdt_supp1
NURA HAMISU PHARMACEUTICAL STORE,5,,2,KANO,DANGAURO MARKET,-9777,uuid:3752e859-b0be-4840-bd7c-64bf6dd3cf24,uuid:3752e859-b0be-4840-bd7c-64bf6dd3cf24/consent_group-section7-section7b-rdt_supp1[1],uuid:3752e859-b0be-4840-bd7c-64bf6dd3cf24/consent_group-section7-section7b-rdt_supp1
HAMDALA PHARMACEUTICAL STORE,5,,2,KANO,DANGAURO MARKET,-9777,uuid:3752e859-b0be-4840-bd7c-64bf6dd3cf24,uuid:3752e859-b0be-4840-bd7c-64bf6dd3cf24/consent_group-section7-section7b-rdt_supp1[2],uuid:3752e859-b0be-4840-bd7c-64bf6dd3cf24/consent_group-section7-section7b-rdt_supp1
KUKA MEDICAL,4,,2,KANO,DANGWAURO MARKET,08023017999,uuid:689562f3-c506-4de1-bd28-27cecf5414f8,uuid:689562f3-c506-4de1-bd28-27cecf5414f8/consent_group-section7-section7b-rdt_supp1[1],uuid:689562f3-c506-4de1-bd28-27cecf5414f8/consent_group-section7-section7b-rdt_supp1
ABDULLAHI YUSUF MULTIPURPOSE VENTURES,96,DEALER,2,KANO,ZARIA ROAD DANGWAURO MARKET,08093552220,uuid:b91c62d5-fe36-4314-90f8-5d4c1ea0768c,uuid:b91c62d5-fe36-4314-90f8-5d4c1ea0768c/consent_group-section7-section7b-rdt_supp1[1],uuid:b91c62d5-fe36-4314-90f8-5d4c1ea0768c/consent_group-section7-section7b-rdt_supp1
KUKA MEDICAL STORE,4,,2,KANO,DANGWAURO MARKET,08023017999,uuid:693c90c2-75da-46f5-99c1-f29385a3784f,uuid:693c90c2-75da-46f5-99c1-f29385a3784f/consent_group-section7-section7b-rdt_supp1[1],uuid:693c90c2-75da-46f5-99c1-f29385a3784f/consent_group-section7-section7b-rdt_supp1
UNIQUE PHARMA,2,,2,KANO,DANGWAURO MARKET,-9888,uuid:49d455c1-db77-402e-b33b-929bf6131c02,uuid:49d455c1-db77-402e-b33b-929bf6131c02/consent_group-section7-section7b-rdt_supp1[1],uuid:49d455c1-db77-402e-b33b-929bf6131c02/consent_group-section7-section7b-rdt_supp1
TASIU MEDICINE,7,,2,KANO,KWANAR DAKATA,09031966635,uuid:174c9c4d-f2d6-46ec-a9b0-6fe4913e96b0,uuid:174c9c4d-f2d6-46ec-a9b0-6fe4913e96b0/consent_group-section7-section7b-rdt_supp1[1],uuid:174c9c4d-f2d6-46ec-a9b0-6fe4913e96b0/consent_group-section7-section7b-rdt_supp1
YOUNG PETER PHARMACEUTICAL STORE,5,,2,KANO,DANGAURO MARKET,-9777,uuid:3dc0317e-2153-42a9-962d-084b6de49731,uuid:3dc0317e-2153-42a9-962d-084b6de49731/consent_group-section7-section7b-rdt_supp1[1],uuid:3dc0317e-2153-42a9-962d-084b6de49731/consent_group-section7-section7b-rdt_supp1
MAIRAHUSA MEDICINE STORE,4,,2,KANO,DANGWORO,-9888,uuid:f2130263-e3e7-414a-9199-36b7968e8557,uuid:f2130263-e3e7-414a-9199-36b7968e8557/consent_group-section7-section7b-rdt_supp1[1],uuid:f2130263-e3e7-414a-9199-36b7968e8557/consent_group-section7-section7b-rdt_supp1
M TASIU MEDICINE STORE,4,,2,KANO,KWANAR DAKATA,-9888,uuid:0c7f6619-85cc-4798-86e4-a85f1a6b4414,uuid:0c7f6619-85cc-4798-86e4-a85f1a6b4414/consent_group-section7-section7b-rdt_supp1[1],uuid:0c7f6619-85cc-4798-86e4-a85f1a6b4414/consent_group-section7-section7b-rdt_supp1
KUKA MEDICALS LTD,4,,2,KANO,"TAFAWA BALEWA ROAD, KANO",-9888,uuid:5d50faa0-3da6-465c-a75c-bd6bb69c3a5d,uuid:5d50faa0-3da6-465c-a75c-bd6bb69c3a5d/consent_group-section7-section7b-rdt_supp1[1],uuid:5d50faa0-3da6-465c-a75c-bd6bb69c3a5d/consent_group-section7-section7b-rdt_supp1
TINA CHEMIST,5,,2,KANO,DAN GORO,-9888,uuid:3c61ae22-4b51-4ac1-b5a0-02488c2edb90,uuid:3c61ae22-4b51-4ac1-b5a0-02488c2edb90/consent_group-section7-section7b-rdt_supp1[1],uuid:3c61ae22-4b51-4ac1-b5a0-02488c2edb90/consent_group-section7-section7b-rdt_supp1
OSCAR PHARMACY,5,,2,KANO,"GAYAWA, KANO",-9888,uuid:d8fe12fd-5628-4317-969f-bcfc7f94e2dc,uuid:d8fe12fd-5628-4317-969f-bcfc7f94e2dc/consent_group-section7-section7b-rdt_supp1[1],uuid:d8fe12fd-5628-4317-969f-bcfc7f94e2dc/consent_group-section7-section7b-rdt_supp1
HUGUMA MEDICINE STORE,5,,2,KANO,DAN GORO,-9888,uuid:ebaf0e38-a9db-4bd1-a380-9e125bdaaeec,uuid:ebaf0e38-a9db-4bd1-a380-9e125bdaaeec/consent_group-section7-section7b-rdt_supp1[1],uuid:ebaf0e38-a9db-4bd1-a380-9e125bdaaeec/consent_group-section7-section7b-rdt_supp1
LATINEX PHARMACY,5,,2,KANO,DAN GORO,-9888,uuid:43542362-7cd8-4833-9840-6e4ff03ce900,uuid:43542362-7cd8-4833-9840-6e4ff03ce900/consent_group-section7-section7b-rdt_supp1[1],uuid:43542362-7cd8-4833-9840-6e4ff03ce900/consent_group-section7-section7b-rdt_supp1
USMANIYYA PHARMACY,5,,2,KANO,DAN GORO,-9888,uuid:43542362-7cd8-4833-9840-6e4ff03ce900,uuid:43542362-7cd8-4833-9840-6e4ff03ce900/consent_group-section7-section7b-rdt_supp1[2],uuid:43542362-7cd8-4833-9840-6e4ff03ce900/consent_group-section7-section7b-rdt_supp1
ZANGON KABO PHARMACEUTICAL,5,,2,KANO,DANGAURO MARKET KANO,08023606454,uuid:c5782912-4bc9-453a-8bda-9d7376c92101,uuid:c5782912-4bc9-453a-8bda-9d7376c92101/consent_group-section7-section7b-rdt_supp1[1],uuid:c5782912-4bc9-453a-8bda-9d7376c92101/consent_group-section7-section7b-rdt_supp1
MIRACLES PHARMACEUTICAL STORE,5,,2,KANO,DANGAURO MARKET,-9777,uuid:00b5f825-abdf-4b35-aa97-27573ba1ca7b,uuid:00b5f825-abdf-4b35-aa97-27573ba1ca7b/consent_group-section7-section7b-rdt_supp1[1],uuid:00b5f825-abdf-4b35-aa97-27573ba1ca7b/consent_group-section7-section7b-rdt_supp1
YALWA PHARMACEUTICAL LTD,5,,2,KANO,DANGAURO MARKET,08023664252,uuid:23dfba2c-413b-487a-a2df-8af3f309335d,uuid:23dfba2c-413b-487a-a2df-8af3f309335d/consent_group-section7-section7b-rdt_supp1[1],uuid:23dfba2c-413b-487a-a2df-8af3f309335d/consent_group-section7-section7b-rdt_supp1
ZANGO KANO PHARMACEUTICAL,5,,2,KANO,DANGWAURO MARKET,-9777,uuid:843b7958-4739-4130-8a0b-51f630dbbc20,uuid:843b7958-4739-4130-8a0b-51f630dbbc20/consent_group-section7-section7b-rdt_supp1[1],uuid:843b7958-4739-4130-8a0b-51f630dbbc20/consent_group-section7-section7b-rdt_supp1
AHM CARE,96,KANO,2,KANO,KANO DANGWAURO MARKET,08055529933,uuid:69f3b430-d9e9-48d8-ab4f-1eeecd14dac1,uuid:69f3b430-d9e9-48d8-ab4f-1eeecd14dac1/consent_group-section7-section7b-rdt_supp1[1],uuid:69f3b430-d9e9-48d8-ab4f-1eeecd14dac1/consent_group-section7-section7b-rdt_supp1
ZUWO MEDICINE STORE,96,MEDICINE STORE,2,KANO,ZARIA ROAD DANGWAURO MARKET,08100234488,uuid:3ac91fe8-1e44-4c41-b728-1d820bc0aef7,uuid:3ac91fe8-1e44-4c41-b728-1d820bc0aef7/consent_group-section7-section7b-rdt_supp1[1],uuid:3ac91fe8-1e44-4c41-b728-1d820bc0aef7/consent_group-section7-section7b-rdt_supp1
ZANGON KABO PHARMACEUTICAL,5,,2,KANO,DANGWAURO MARKET,-9777,uuid:a0d00a03-97ad-4c84-a783-12be9f364ee7,uuid:a0d00a03-97ad-4c84-a783-12be9f364ee7/consent_group-section7-section7b-rdt_supp1[1],uuid:a0d00a03-97ad-4c84-a783-12be9f364ee7/consent_group-section7-section7b-rdt_supp1
GLAE,5,,2,KANO,DANGWORO,08064901718,uuid:2d17df36-e2b7-4ce0-9afd-498dc7974614,uuid:2d17df36-e2b7-4ce0-9afd-498dc7974614/consent_group-section7-section7b-rdt_supp1[1],uuid:2d17df36-e2b7-4ce0-9afd-498dc7974614/consent_group-section7-section7b-rdt_supp1
USMAN MANI,4,,2,KANO,DANGWORO,07085233467,uuid:943474b1-f3eb-477e-825a-fc86d01b5f8e,uuid:943474b1-f3eb-477e-825a-fc86d01b5f8e/consent_group-section7-section7b-rdt_supp1[1],uuid:943474b1-f3eb-477e-825a-fc86d01b5f8e/consent_group-section7-section7b-rdt_supp1
KUKA MEDICINE STORE,4,,2,KANO,DANGWAURO MARKET,-9888,uuid:2c1ab605-5c7a-4765-90b9-650c69819736,uuid:2c1ab605-5c7a-4765-90b9-650c69819736/consent_group-section7-section7b-rdt_supp1[1],uuid:2c1ab605-5c7a-4765-90b9-650c69819736/consent_group-section7-section7b-rdt_supp1
GM PHARMACEUTICAL INVEST,5,,2,KANO,DANGWAURO MARKET,08031831509,uuid:1252d69f-842b-4259-b3ff-29aa70d779c2,uuid:1252d69f-842b-4259-b3ff-29aa70d779c2/consent_group-section7-section7b-rdt_supp1[1],uuid:1252d69f-842b-4259-b3ff-29aa70d779c2/consent_group-section7-section7b-rdt_supp1
RANBAXY NIGERIA LTD PHARMACEUTICAL,5,,2,KANO,DANGAURO MARKET,-9888,uuid:ab603ea8-8cd0-4424-92c7-ac5647009724,uuid:ab603ea8-8cd0-4424-92c7-ac5647009724/consent_group-section7-section7b-rdt_supp1[1],uuid:ab603ea8-8cd0-4424-92c7-ac5647009724/consent_group-section7-section7b-rdt_supp1
MAZAN GUDU PHARMACEUTICAL STORE,5,,2,KANO,DANGAURO MARKET KANO,08036303938,uuid:57eda6a7-8683-4d51-8058-3c178c5a74f7,uuid:57eda6a7-8683-4d51-8058-3c178c5a74f7/consent_group-section7-section7b-rdt_supp1[1],uuid:57eda6a7-8683-4d51-8058-3c178c5a74f7/consent_group-section7-section7b-rdt_supp1
Gamji medicine store,4,,2,Kano,DANGWAURO,-9888,uuid:36d89880-0eaf-4b20-a436-90b9157e6d6e,uuid:36d89880-0eaf-4b20-a436-90b9157e6d6e/consent_group-section7-section7b-rdt_supp1[1],uuid:36d89880-0eaf-4b20-a436-90b9157e6d6e/consent_group-section7-section7b-rdt_supp1
LATNAS,4,,2,KANO,ECONOMIC CITY DANGWAURO,-9888,uuid:1610b810-2085-4cdb-9481-e72d709849f4,uuid:1610b810-2085-4cdb-9481-e72d709849f4/consent_group-section7-section7b-rdt_supp1[1],uuid:1610b810-2085-4cdb-9481-e72d709849f4/consent_group-section7-section7b-rdt_supp1
GAMJI MEDICINE STORE,96,MEDICINE STORE,2,KANO,SABUWAR GANDU MUNDADU,-9888,uuid:786a174a-a098-4626-ae3d-38c739a10426,uuid:786a174a-a098-4626-ae3d-38c739a10426/consent_group-section7-section7b-rdt_supp1[1],uuid:786a174a-a098-4626-ae3d-38c739a10426/consent_group-section7-section7b-rdt_supp1
SPI GLOBAL BUSINESS,96,DEALER,2,KANO,CWC DANGWAURO MARKET,07015793331,uuid:70e3f4e3-cb25-4e1d-acb0-187ac9286a11,uuid:70e3f4e3-cb25-4e1d-acb0-187ac9286a11/consent_group-section7-section7b-rdt_supp1[1],uuid:70e3f4e3-cb25-4e1d-acb0-187ac9286a11/consent_group-section7-section7b-rdt_supp1
IMAM PHARMACY LIMITED,5,,2,KANO,ZARIA ROAD DANGWAURO MARKET,08029594960,uuid:8c054e8c-8d6c-4a0d-a8a5-cb67a7947cbf,uuid:8c054e8c-8d6c-4a0d-a8a5-cb67a7947cbf/consent_group-section7-section7b-rdt_supp1[1],uuid:8c054e8c-8d6c-4a0d-a8a5-cb67a7947cbf/consent_group-section7-section7b-rdt_supp1
KINGS OF FARMING SURGICAL &EQUIPMENT,96,DEALERS,2,KANO,DANGWAURO MARKET,08136750516,uuid:73847924-7dbc-4b25-bd0a-cf239e054efc,uuid:73847924-7dbc-4b25-bd0a-cf239e054efc/consent_group-section7-section7b-rdt_supp1[1],uuid:73847924-7dbc-4b25-bd0a-cf239e054efc/consent_group-section7-section7b-rdt_supp1
ZANGON KABO PHARMACEUTICAL,5,,2,KANO,DANGAURO MARKET,-9888,uuid:5f1c11c8-fc81-44d7-940a-125194ac641a,uuid:5f1c11c8-fc81-44d7-940a-125194ac641a/consent_group-section7-section7b-rdt_supp1[1],uuid:5f1c11c8-fc81-44d7-940a-125194ac641a/consent_group-section7-section7b-rdt_supp1
SAMASH MEDICAL STORE,5,,2,KANO,DORAYI G/ KUKA GWALE,09037935254,uuid:d65808fd-6e1e-4c4a-8097-2beec79d0e4d,uuid:d65808fd-6e1e-4c4a-8097-2beec79d0e4d/consent_group-section7-section7b-rdt_supp1[1],uuid:d65808fd-6e1e-4c4a-8097-2beec79d0e4d/consent_group-section7-section7b-rdt_supp1
ZANGON KABO PHARMACEUTICAL,5,,2,KANO,DANGAURO MARKET KANO,-9888,uuid:ffef1120-1231-4e4d-936e-ea78984c67b1,uuid:ffef1120-1231-4e4d-936e-ea78984c67b1/consent_group-section7-section7b-rdt_supp1[1],uuid:ffef1120-1231-4e4d-936e-ea78984c67b1/consent_group-section7-section7b-rdt_supp1
NI'EMA MEDICINE STORE,5,,2,KANO,DANGAURO MARKET,-9777,uuid:1db7502a-3daf-4f64-b888-10b94db454ad,uuid:1db7502a-3daf-4f64-b888-10b94db454ad/consent_group-section7-section7b-rdt_supp1[1],uuid:1db7502a-3daf-4f64-b888-10b94db454ad/consent_group-section7-section7b-rdt_supp1
ZANGON KABO PHARMACEUTICAL,5,,2,KANO,DANGAURO MARKET KANO,-9777,uuid:21f0afe5-86f1-4cac-a3e4-61ff33b6dea4,uuid:21f0afe5-86f1-4cac-a3e4-61ff33b6dea4/consent_group-section7-section7b-rdt_supp1[1],uuid:21f0afe5-86f1-4cac-a3e4-61ff33b6dea4/consent_group-section7-section7b-rdt_supp1
ABDULRAZAK MEDICINE,4,,2,KANO,SHEKAR MAI DAKI,-9888,uuid:63f0ce9d-74cf-4794-a3f4-5b16d2f47e31,uuid:63f0ce9d-74cf-4794-a3f4-5b16d2f47e31/consent_group-section7-section7b-rdt_supp1[1],uuid:63f0ce9d-74cf-4794-a3f4-5b16d2f47e31/consent_group-section7-section7b-rdt_supp1
MUBARAK,96,DEALER,2,KANO,KWANAR GANDUJE,08160854961,uuid:2ffc326a-af1c-4d4d-b671-88ff19161274,uuid:2ffc326a-af1c-4d4d-b671-88ff19161274/consent_group-section7-section7b-rdt_supp1[1],uuid:2ffc326a-af1c-4d4d-b671-88ff19161274/consent_group-section7-section7b-rdt_supp1
MUBARAK,5,,2,KANO,KWANAR GANDUJE,08160854961,uuid:bed4a1fb-c97c-49a8-aaa3-f26a906c0a2a,uuid:bed4a1fb-c97c-49a8-aaa3-f26a906c0a2a/consent_group-section7-section7b-rdt_supp1[1],uuid:bed4a1fb-c97c-49a8-aaa3-f26a906c0a2a/consent_group-section7-section7b-rdt_supp1
JANET PHARMACEUTICAL,5,,2,KANO,DAN GORO,08067228382,uuid:6152e22c-2e97-482a-ac16-8aacd2c21401,uuid:6152e22c-2e97-482a-ac16-8aacd2c21401/consent_group-section7-section7b-rdt_supp1[1],uuid:6152e22c-2e97-482a-ac16-8aacd2c21401/consent_group-section7-section7b-rdt_supp1
ABEL PHARMACEUTICAL,5,,2,KANO,DAN GORO,09080303030,uuid:6152e22c-2e97-482a-ac16-8aacd2c21401,uuid:6152e22c-2e97-482a-ac16-8aacd2c21401/consent_group-section7-section7b-rdt_supp1[2],uuid:6152e22c-2e97-482a-ac16-8aacd2c21401/consent_group-section7-section7b-rdt_supp1
UMMAHANNIY PHARMACEUTICAL AND GENERAL ENTERPRISES LTD,4,,2,DANGWAURO,"KEC/CWC,BLOCK A SHOP NO,AS1051 AS2051 AS3051 ,DANGWAURO, ZARIA ROAD KANO STATE","08165000849,080655330743",uuid:1d7eb057-5531-4477-8078-0fe429a1bda7,uuid:1d7eb057-5531-4477-8078-0fe429a1bda7/consent_group-section7-section7b-rdt_supp1[1],uuid:1d7eb057-5531-4477-8078-0fe429a1bda7/consent_group-section7-section7b-rdt_supp1
HUSSAINI ALI MARARABA MEDICINE STORE,5,,2,KANO,DANGAURO MARKET,08029155938,uuid:21cc8178-db73-47b9-b9e7-823ccda914f8,uuid:21cc8178-db73-47b9-b9e7-823ccda914f8/consent_group-section7-section7b-rdt_supp1[1],uuid:21cc8178-db73-47b9-b9e7-823ccda914f8/consent_group-section7-section7b-rdt_supp1
MASHA ALLAH PHARMACEUTICAL,5,,2,KANO,SHEKA YAR KASUWA,-9777,uuid:55066153-ca44-4e03-84cf-27eeacf83f88,uuid:55066153-ca44-4e03-84cf-27eeacf83f88/consent_group-section7-section7b-rdt_supp1[1],uuid:55066153-ca44-4e03-84cf-27eeacf83f88/consent_group-section7-section7b-rdt_supp1
LATNAS PHARMACEUTICALS,5,,2,KANO,DAN GWAURO,-9888,uuid:5daba042-7992-4061-a118-7a09f2ab28cd,uuid:5daba042-7992-4061-a118-7a09f2ab28cd/consent_group-section7-section7b-rdt_supp1[1],uuid:5daba042-7992-4061-a118-7a09f2ab28cd/consent_group-section7-section7b-rdt_supp1
HUGUMA MEDICINE STORE,5,,2,KANO,DAN GWAURO,-9888,uuid:5daba042-7992-4061-a118-7a09f2ab28cd,uuid:5daba042-7992-4061-a118-7a09f2ab28cd/consent_group-section7-section7b-rdt_supp1[2],uuid:5daba042-7992-4061-a118-7a09f2ab28cd/consent_group-section7-section7b-rdt_supp1
LATINAS PHARMACEUTICAL STORE,5,,2,KANO,DANGAURO MARKET,-9777,uuid:1bbee51c-f1c5-4112-9db4-63125e2a70f6,uuid:1bbee51c-f1c5-4112-9db4-63125e2a70f6/consent_group-section7-section7b-rdt_supp1[1],uuid:1bbee51c-f1c5-4112-9db4-63125e2a70f6/consent_group-section7-section7b-rdt_supp1
GAMJI PHARMACEUTICAL STORE,5,,2,KANO,DANGAURO MARKET KANO,-9777,uuid:d85ccc17-4905-4419-a625-635bb9de6e71,uuid:d85ccc17-4905-4419-a625-635bb9de6e71/consent_group-section7-section7b-rdt_supp1[1],uuid:d85ccc17-4905-4419-a625-635bb9de6e71/consent_group-section7-section7b-rdt_supp1
AL-MUSAHABA MEDICINE STORE,5,,2,KANO,"CHIRANCHI KAN GADA, CHIRANCHI DUHUWA",-9777,uuid:90640f91-9797-4d3e-b509-da2e2b42c927,uuid:90640f91-9797-4d3e-b509-da2e2b42c927/consent_group-section7-section7b-rdt_supp1[1],uuid:90640f91-9797-4d3e-b509-da2e2b42c927/consent_group-section7-section7b-rdt_supp1
MAZAN GUDU MEDICINE STORE,5,,2,KANO,DANGAURO MARKET,08036303938,uuid:835db9b5-3421-408d-982b-9e03b6887321,uuid:835db9b5-3421-408d-982b-9e03b6887321/consent_group-section7-section7b-rdt_supp1[1],uuid:835db9b5-3421-408d-982b-9e03b6887321/consent_group-section7-section7b-rdt_supp1
Mr. KELVIN,4,,2,KANO STATE,D LINE SABON GARI YANKURA MARKET,-9888,uuid:6b653505-fcc4-458f-b25a-353b0ab58b94,uuid:6b653505-fcc4-458f-b25a-353b0ab58b94/consent_group-section7-section7b-rdt_supp1[1],uuid:6b653505-fcc4-458f-b25a-353b0ab58b94/consent_group-section7-section7b-rdt_supp1
IBS SHUKHRA PHARMACY,5,,2,KANO,KANO,08039796582,uuid:1afc73c9-9020-4fc6-9362-a6ea3a6732cd,uuid:1afc73c9-9020-4fc6-9362-a6ea3a6732cd/consent_group-section7-section7b-rdt_supp1[1],uuid:1afc73c9-9020-4fc6-9362-a6ea3a6732cd/consent_group-section7-section7b-rdt_supp1
ALHUSNA MEDICINE STORE,96,MEDICINE STORE,2,KANO,DORAYI OPPOSITE  SHEIKH JAFAR,-9888,uuid:c5ac4662-7bdc-4ae9-9ca0-ad844140134b,uuid:c5ac4662-7bdc-4ae9-9ca0-ad844140134b/consent_group-section7-section7b-rdt_supp1[1],uuid:c5ac4662-7bdc-4ae9-9ca0-ad844140134b/consent_group-section7-section7b-rdt_supp1
GIDAN MAGANI,5,,2,KANO,SABON TITI BY MADOBI,-9888,uuid:e36d80f9-b56e-4dd3-a2e7-3c149dfc660e,uuid:e36d80f9-b56e-4dd3-a2e7-3c149dfc660e/consent_group-section7-section7b-rdt_supp1[1],uuid:e36d80f9-b56e-4dd3-a2e7-3c149dfc660e/consent_group-section7-section7b-rdt_supp1
ABDULKARIM,5,,2,KANO,KABUGA,-9888,uuid:b8031e01-4381-4ad8-9783-28af5da711e2,uuid:b8031e01-4381-4ad8-9783-28af5da711e2/consent_group-section7-section7b-rdt_supp1[1],uuid:b8031e01-4381-4ad8-9783-28af5da711e2/consent_group-section7-section7b-rdt_supp1
ZANGON KABO PHARMACEUTICAL,5,,2,KANO,DANGAURO MARKET,-9777,uuid:3e62ef09-a791-46d9-92b8-1b8deadb97ea,uuid:3e62ef09-a791-46d9-92b8-1b8deadb97ea/consent_group-section7-section7b-rdt_supp1[1],uuid:3e62ef09-a791-46d9-92b8-1b8deadb97ea/consent_group-section7-section7b-rdt_supp1
LATINAS PHARMACEUTICAL STORE,5,,2,KANO,DANGAURO MARKET,-9777,uuid:77dc872f-56c0-48da-ba83-9a15cabc9675,uuid:77dc872f-56c0-48da-ba83-9a15cabc9675/consent_group-section7-section7b-rdt_supp1[1],uuid:77dc872f-56c0-48da-ba83-9a15cabc9675/consent_group-section7-section7b-rdt_supp1
ZANGON KABO,5,,2,KANO,DAN GORO,-9888,uuid:04b2a68a-572a-4a22-be54-3dd0cec43e5a,uuid:04b2a68a-572a-4a22-be54-3dd0cec43e5a/consent_group-section7-section7b-rdt_supp1[1],uuid:04b2a68a-572a-4a22-be54-3dd0cec43e5a/consent_group-section7-section7b-rdt_supp1
LATNAS PHARMACEUTICAL LTD,5,,2,KANO,DANGWAURO MARKET,-9777,uuid:58071440-badf-46fb-910e-0d353ffc9a17,uuid:58071440-badf-46fb-910e-0d353ffc9a17/consent_group-section7-section7b-rdt_supp1[1],uuid:58071440-badf-46fb-910e-0d353ffc9a17/consent_group-section7-section7b-rdt_supp1
LATNOS PHARMACEUTICALS LTD,5,,2,DANGWAURO,DANGWAURO MARKET ZARIA ROAD,09150211885,uuid:2551d235-220d-4e41-8587-0333166cb09b,uuid:2551d235-220d-4e41-8587-0333166cb09b/consent_group-section7-section7b-rdt_supp1[1],uuid:2551d235-220d-4e41-8587-0333166cb09b/consent_group-section7-section7b-rdt_supp1
ZANGON KABO PHARMACEUTICALS LTD,7,,2,KANO STATE,DANGWAURO MARKET.,-9888,uuid:610e5610-52aa-4bd0-a7af-d88644068ba7,uuid:610e5610-52aa-4bd0-a7af-d88644068ba7/consent_group-section7-section7b-rdt_supp1[1],uuid:610e5610-52aa-4bd0-a7af-d88644068ba7/consent_group-section7-section7b-rdt_supp1
ABDULLAHI PANSHEKARA,4,,2,KANO,PANSHEKARA,-9888,uuid:97456235-92a4-44c6-86bd-4955f428a904,uuid:97456235-92a4-44c6-86bd-4955f428a904/consent_group-section7-section7b-rdt_supp1[1],uuid:97456235-92a4-44c6-86bd-4955f428a904/consent_group-section7-section7b-rdt_supp1
IBRAHIM USMAN MUHAMMAD,5,,2,KANO,DANGWAURO MARKET,08035919117,uuid:9e521226-d9f5-45b7-80dc-78d59bf7b1b9,uuid:9e521226-d9f5-45b7-80dc-78d59bf7b1b9/consent_group-section7-section7b-rdt_supp1[1],uuid:9e521226-d9f5-45b7-80dc-78d59bf7b1b9/consent_group-section7-section7b-rdt_supp1
DORO PHARMACEUTICAL COMPANY LTD,5,,2,KANO,DANGAURO MARKET KANO,08061611112,uuid:0dd30c4f-216d-48cd-8f2d-9c70f7e9ad31,uuid:0dd30c4f-216d-48cd-8f2d-9c70f7e9ad31/consent_group-section7-section7b-rdt_supp1[1],uuid:0dd30c4f-216d-48cd-8f2d-9c70f7e9ad31/consent_group-section7-section7b-rdt_supp1
BENJAMIN NICHOLAS,96,MEDICAL APPLIANCES,2,KANO,AIRPORT ROAD,-9888,uuid:615a69ef-b812-4f70-b0c1-647d24f6b66f,uuid:615a69ef-b812-4f70-b0c1-647d24f6b66f/consent_group-section7-section7b-rdt_supp1[1],uuid:615a69ef-b812-4f70-b0c1-647d24f6b66f/consent_group-section7-section7b-rdt_supp1
IMAM PHARMACY,5,,2,KANO,BLOCK B 2034 DANGWAURO,08029594960,uuid:f940d7a1-086a-4bba-8dcc-41cbdc7671ab,uuid:f940d7a1-086a-4bba-8dcc-41cbdc7671ab/consent_group-section7-section7b-rdt_supp1[1],uuid:f940d7a1-086a-4bba-8dcc-41cbdc7671ab/consent_group-section7-section7b-rdt_supp1
ALMUSIB PHARMACY,5,,2,KANO,KURBA MARKET,-9888,uuid:8e8c0366-c490-4833-9f5c-e5a42edcf971,uuid:8e8c0366-c490-4833-9f5c-e5a42edcf971/consent_group-section7-section7b-rdt_supp1[1],uuid:8e8c0366-c490-4833-9f5c-e5a42edcf971/consent_group-section7-section7b-rdt_supp1
ALSANAB PHARMACEUTICAL CO,4,,2,KANO,DANGWAURO MARKET,08039338388,uuid:76944cd7-3e80-498d-ba5e-0472e1c9b7b7,uuid:76944cd7-3e80-498d-ba5e-0472e1c9b7b7/consent_group-section7-section7b-rdt_supp1[1],uuid:76944cd7-3e80-498d-ba5e-0472e1c9b7b7/consent_group-section7-section7b-rdt_supp1
LATNAS PHARMACY,5,,2,KANO,DANGWAURO,-9888,uuid:d8fcc407-0daa-4785-a33e-f89c1f960393,uuid:d8fcc407-0daa-4785-a33e-f89c1f960393/consent_group-section7-section7b-rdt_supp1[1],uuid:d8fcc407-0daa-4785-a33e-f89c1f960393/consent_group-section7-section7b-rdt_supp1
SUTFIRST,5,,2,KANO,KANO,08023564898,uuid:766a8d16-7b67-4dac-bc99-fbd7a8b208fa,uuid:766a8d16-7b67-4dac-bc99-fbd7a8b208fa/consent_group-section7-section7b-rdt_supp1[1],uuid:766a8d16-7b67-4dac-bc99-fbd7a8b208fa/consent_group-section7-section7b-rdt_supp1
ZANGON KABO PHARMACEUTICAL,5,,2,KANO,DANGAURO MARKET,-9777,uuid:681751a7-19d5-406b-8bad-1368dd47a0fa,uuid:681751a7-19d5-406b-8bad-1368dd47a0fa/consent_group-section7-section7b-rdt_supp1[1],uuid:681751a7-19d5-406b-8bad-1368dd47a0fa/consent_group-section7-section7b-rdt_supp1
AHM CARE LTD,4,,2,KANO,NO AS 1029  BLOCK A ZARIA ROAD DAN GWAURO MARKET,"08033768321,,08055529933",uuid:32cd29a9-08b8-40eb-accb-c989f3ee0fde,uuid:32cd29a9-08b8-40eb-accb-c989f3ee0fde/consent_group-section7-section7b-rdt_supp1[1],uuid:32cd29a9-08b8-40eb-accb-c989f3ee0fde/consent_group-section7-section7b-rdt_supp1
PROMINENT SURG-MED ENTERPRISES,4,,2,KANO,DANGWAURO,08032184691,uuid:5a696be5-6d49-45f9-bd14-eaa2a1f322e1,uuid:5a696be5-6d49-45f9-bd14-eaa2a1f322e1/consent_group-section7-section7b-rdt_supp1[1],uuid:5a696be5-6d49-45f9-bd14-eaa2a1f322e1/consent_group-section7-section7b-rdt_supp1
ZANGON KABO PHARMACY,5,,2,KANO,ZARIA ROAD DANGWAURO MARKET,08023606454,uuid:874d9ebb-2052-45e4-aa8b-ee863e1ef411,uuid:874d9ebb-2052-45e4-aa8b-ee863e1ef411/consent_group-section7-section7b-rdt_supp1[1],uuid:874d9ebb-2052-45e4-aa8b-ee863e1ef411/consent_group-section7-section7b-rdt_supp1
SARKIN YA PHARMACY,5,,2,KANO,BUS STOP SHARADA,-9888,uuid:83d431c2-03a6-4c1a-9576-8b5d7d990467,uuid:83d431c2-03a6-4c1a-9576-8b5d7d990467/consent_group-section7-section7b-rdt_supp1[1],uuid:83d431c2-03a6-4c1a-9576-8b5d7d990467/consent_group-section7-section7b-rdt_supp1
YAKUBU SURGICAL,5,,2,KANO,SABON GARI NIGER STREET,08032184691,uuid:7daa5d02-120b-4ae3-9e95-20491519cf49,uuid:7daa5d02-120b-4ae3-9e95-20491519cf49/consent_group-section7-section7b-rdt_supp1[1],uuid:7daa5d02-120b-4ae3-9e95-20491519cf49/consent_group-section7-section7b-rdt_supp1
-9888,5,,2,KANO,DAN GWOURO,-9888,uuid:b8653932-3b07-4997-a63c-12572aa813d8,uuid:b8653932-3b07-4997-a63c-12572aa813d8/consent_group-section7-section7b-rdt_supp1[1],uuid:b8653932-3b07-4997-a63c-12572aa813d8/consent_group-section7-section7b-rdt_supp1
-9888,5,,2,KANO,-9888,-9888,uuid:b8653932-3b07-4997-a63c-12572aa813d8,uuid:b8653932-3b07-4997-a63c-12572aa813d8/consent_group-section7-section7b-rdt_supp1[2],uuid:b8653932-3b07-4997-a63c-12572aa813d8/consent_group-section7-section7b-rdt_supp1
ZANGON KABO  SURGICAL EQUIPMENT,96,WHOLESALE,2,KANO,ADJACENT TO MALAM KATO,07036191997,uuid:9368d719-a06e-4368-9147-46daaf4eb9eb,uuid:9368d719-a06e-4368-9147-46daaf4eb9eb/consent_group-section7-section7b-rdt_supp1[1],uuid:9368d719-a06e-4368-9147-46daaf4eb9eb/consent_group-section7-section7b-rdt_supp1
BALA MUHAMMED,5,,2,KANO,KABUGA,-9888,uuid:f5650992-3f6f-4357-beb2-9f44b84d8d40,uuid:f5650992-3f6f-4357-beb2-9f44b84d8d40/consent_group-section7-section7b-rdt_supp1[1],uuid:f5650992-3f6f-4357-beb2-9f44b84d8d40/consent_group-section7-section7b-rdt_supp1
MAZAN KWARAI,5,,2,KANO,KASUWAR KURMI,-9888,uuid:f5650992-3f6f-4357-beb2-9f44b84d8d40,uuid:f5650992-3f6f-4357-beb2-9f44b84d8d40/consent_group-section7-section7b-rdt_supp1[2],uuid:f5650992-3f6f-4357-beb2-9f44b84d8d40/consent_group-section7-section7b-rdt_supp1
DAN LAMI,4,,2,KANO,DANGORO,08033972151,uuid:9907b305-33eb-4e4e-8ce5-ac35d422d6e2,uuid:9907b305-33eb-4e4e-8ce5-ac35d422d6e2/consent_group-section7-section7b-rdt_supp1[1],uuid:9907b305-33eb-4e4e-8ce5-ac35d422d6e2/consent_group-section7-section7b-rdt_supp1
JAMILU KURNA,4,,2,KANO,KURMI LAYIN YAN TABARMA,08066363139,uuid:9907b305-33eb-4e4e-8ce5-ac35d422d6e2,uuid:9907b305-33eb-4e4e-8ce5-ac35d422d6e2/consent_group-section7-section7b-rdt_supp1[2],uuid:9907b305-33eb-4e4e-8ce5-ac35d422d6e2/consent_group-section7-section7b-rdt_supp1
MAZAN KWARAI,4,,2,KANO,JAKARA KURMI MARKET,-9888,uuid:3aa321f6-f1a6-4d06-b0d8-4c039c5fce89,uuid:3aa321f6-f1a6-4d06-b0d8-4c039c5fce89/consent_group-section7-section7b-rdt_supp1[1],uuid:3aa321f6-f1a6-4d06-b0d8-4c039c5fce89/consent_group-section7-section7b-rdt_supp1
AL IHSAN PHARMACY,5,,2,KANO,MALLAM KATO,08024319590,uuid:fba541c6-2b94-42ab-8c0a-9943a9bd8bdb,uuid:fba541c6-2b94-42ab-8c0a-9943a9bd8bdb/consent_group-section7-section7b-rdt_supp1[1],uuid:fba541c6-2b94-42ab-8c0a-9943a9bd8bdb/consent_group-section7-section7b-rdt_supp1
LATNAS PHARMACY,5,,2,KANO,DAN GWOURO,-9888,uuid:904b1d57-06f2-4eaa-b10a-b7df750155d2,uuid:904b1d57-06f2-4eaa-b10a-b7df750155d2/consent_group-section7-section7b-rdt_supp1[1],uuid:904b1d57-06f2-4eaa-b10a-b7df750155d2/consent_group-section7-section7b-rdt_supp1
LATNAS PHARMACEUTICAL CO LTD,5,,2,KANO,DANGORO ZARIA ROAD,-9888,uuid:91034a4a-fe71-4f39-b718-f88d9d825e27,uuid:91034a4a-fe71-4f39-b718-f88d9d825e27/consent_group-section7-section7b-rdt_supp1[1],uuid:91034a4a-fe71-4f39-b718-f88d9d825e27/consent_group-section7-section7b-rdt_supp1
ABBA,4,,2,KANO,ZANGON KABO SURGICAL EQUIPMENT,07036191997,uuid:dde79b77-6167-4647-b4d2-98da1cdcc6ed,uuid:dde79b77-6167-4647-b4d2-98da1cdcc6ed/consent_group-section7-section7b-rdt_supp1[1],uuid:dde79b77-6167-4647-b4d2-98da1cdcc6ed/consent_group-section7-section7b-rdt_supp1
HALIFA,5,,2,KANO,DANGORO,07045267200,uuid:8031bca7-b0fa-436d-9625-d28d72b9084b,uuid:8031bca7-b0fa-436d-9625-d28d72b9084b/consent_group-section7-section7b-rdt_supp1[1],uuid:8031bca7-b0fa-436d-9625-d28d72b9084b/consent_group-section7-section7b-rdt_supp1
JABIR,4,,2,KANO,MALAM KATO,09115572366,uuid:8031bca7-b0fa-436d-9625-d28d72b9084b,uuid:8031bca7-b0fa-436d-9625-d28d72b9084b/consent_group-section7-section7b-rdt_supp1[2],uuid:8031bca7-b0fa-436d-9625-d28d72b9084b/consent_group-section7-section7b-rdt_supp1
AL HUSNA,5,,2,KANO,SHARADA PHASE 3,-9888,uuid:0b891b24-e20a-46c2-947d-012cd174541c,uuid:0b891b24-e20a-46c2-947d-012cd174541c/consent_group-section7-section7b-rdt_supp1[1],uuid:0b891b24-e20a-46c2-947d-012cd174541c/consent_group-section7-section7b-rdt_supp1
KUKA PHARMACEUTICAL LTD,5,,2,KANO,DANGAURO MARKET KANO,-9888,uuid:6e9436c8-b329-4c7a-b876-c1e74e3d4ce2,uuid:6e9436c8-b329-4c7a-b876-c1e74e3d4ce2/consent_group-section7-section7b-rdt_supp1[1],uuid:6e9436c8-b329-4c7a-b876-c1e74e3d4ce2/consent_group-section7-section7b-rdt_supp1
LATINAS PHARMACEUTICAL LTD,5,,2,KANO,DANGAURO MARKET KANO,-9888,uuid:06b81c83-cf7a-49f3-8c82-bdef197d99ca,uuid:06b81c83-cf7a-49f3-8c82-bdef197d99ca/consent_group-section7-section7b-rdt_supp1[1],uuid:06b81c83-cf7a-49f3-8c82-bdef197d99ca/consent_group-section7-section7b-rdt_supp1
NEXATAR MEDICALS INTERNATIONAL CO.LTD,4,,2,KANO,"NO 03 GWAMAJA HOUSING ESTATE OPPOSITE NATIONAL ORTHOPAEDIC HOSPITA AND GGSS DALA, KANO",07069999886,uuid:5b58efcd-c907-4d27-b126-fa25c272cd22,uuid:5b58efcd-c907-4d27-b126-fa25c272cd22/consent_group-section7-section7b-rdt_supp1[1],uuid:5b58efcd-c907-4d27-b126-fa25c272cd22/consent_group-section7-section7b-rdt_supp1
LATNAS PHARMACEUTICAL,5,,2,KANO,DANGWAURO,08036327296,uuid:64bb3c2a-5d7b-4191-b6b3-181e334cada0,uuid:64bb3c2a-5d7b-4191-b6b3-181e334cada0/consent_group-section7-section7b-rdt_supp1[1],uuid:64bb3c2a-5d7b-4191-b6b3-181e334cada0/consent_group-section7-section7b-rdt_supp1
2,4,,2,KANO,KABUGA,07037922925,uuid:0122513b-035e-404d-a054-58eebe317f7d,uuid:0122513b-035e-404d-a054-58eebe317f7d/consent_group-section7-section7b-rdt_supp1[1],uuid:0122513b-035e-404d-a054-58eebe317f7d/consent_group-section7-section7b-rdt_supp1
DAN ALBARKA MEDICINE STORE,4,,2,KANO,BLOCK B SHOP NO.BS2034 CWC MARKET DANGWAURO ZARIA ROAD KANO,"07034428737,,08141900900",uuid:7df46bb9-97ee-4e55-9691-8841316b6b91,uuid:7df46bb9-97ee-4e55-9691-8841316b6b91/consent_group-section7-section7b-rdt_supp1[1],uuid:7df46bb9-97ee-4e55-9691-8841316b6b91/consent_group-section7-section7b-rdt_supp1
KUKA MEDICALS LTD,4,,2,KANO,"NO 45,TAFAWA BALEWA ROAD OPPOSITE HOTEL DE FRANCE KANO STATE","08023017999,08023026366",uuid:0e533f52-643d-44fd-8256-7a07d75692b1,uuid:0e533f52-643d-44fd-8256-7a07d75692b1/consent_group-section7-section7b-rdt_supp1[1],uuid:0e533f52-643d-44fd-8256-7a07d75692b1/consent_group-section7-section7b-rdt_supp1
A.Y SURGICALS,4,,2,KANO,KANAWA DANGWAURO,08057017180,uuid:5cffefea-fce9-4ce6-9005-d8b4040c264a,uuid:5cffefea-fce9-4ce6-9005-d8b4040c264a/consent_group-section7-section7b-rdt_supp1[1],uuid:5cffefea-fce9-4ce6-9005-d8b4040c264a/consent_group-section7-section7b-rdt_supp1
RABIU MAHMUD BATA MEDICINE STORE,96,DEALER,2,KANO,GIDAN SALISU BARAU MAI GISHIRI OPPOSITE BATA,07033359223,uuid:136e48f7-3e99-43a1-9bc4-b1a4117fdb90,uuid:136e48f7-3e99-43a1-9bc4-b1a4117fdb90/consent_group-section7-section7b-rdt_supp1[1],uuid:136e48f7-3e99-43a1-9bc4-b1a4117fdb90/consent_group-section7-section7b-rdt_supp1
LATINAS PHARMACEUTICAL STORE,5,,2,KANO,DANGAURO MARKET,-9777,uuid:0c03686a-35b1-4b79-b8f0-f1aeeb5186aa,uuid:0c03686a-35b1-4b79-b8f0-f1aeeb5186aa/consent_group-section7-section7b-rdt_supp1[1],uuid:0c03686a-35b1-4b79-b8f0-f1aeeb5186aa/consent_group-section7-section7b-rdt_supp1
LATINAS PHARMACEUTICAL STORE,5,,2,KANO,DANGAURO MARKET,-9777,uuid:5157d6b2-85a9-4c36-a417-37a012cd380b,uuid:5157d6b2-85a9-4c36-a417-37a012cd380b/consent_group-section7-section7b-rdt_supp1[1],uuid:5157d6b2-85a9-4c36-a417-37a012cd380b/consent_group-section7-section7b-rdt_supp1
KUKA PHARMACEUTICAL LTD,5,,2,KANO,DANGAURO MARKET,-9888,uuid:a95800b4-6e55-4f9f-9834-e5710cc988a8,uuid:a95800b4-6e55-4f9f-9834-e5710cc988a8/consent_group-section7-section7b-rdt_supp1[1],uuid:a95800b4-6e55-4f9f-9834-e5710cc988a8/consent_group-section7-section7b-rdt_supp1
WAGINI MEDICINE STORE,5,,2,KANO,-9888,-9888,uuid:49352d1a-9d1e-4b5a-b0f5-d590e32507a0,uuid:49352d1a-9d1e-4b5a-b0f5-d590e32507a0/consent_group-section7-section7b-rdt_supp1[1],uuid:49352d1a-9d1e-4b5a-b0f5-d590e32507a0/consent_group-section7-section7b-rdt_supp1
HABU HUBAIDA ABUBAKAR.,4,,2,KANO STATE,KWANAR HUDU BRIGADE KANO STATE.,09030577705,uuid:97b3b8a6-9621-41fe-bd4c-014e34c359bc,uuid:97b3b8a6-9621-41fe-bd4c-014e34c359bc/consent_group-section7-section7b-rdt_supp1[1],uuid:97b3b8a6-9621-41fe-bd4c-014e34c359bc/consent_group-section7-section7b-rdt_supp1
MAJEMA PHARMACEUTICALS NIGERIA LTD,5,,2,ZARIA ROAD DANGWAURO,BLOCK A,08031376515,uuid:c8745cb1-375c-4bb1-b202-b8d48680d749,uuid:c8745cb1-375c-4bb1-b202-b8d48680d749/consent_group-section7-section7b-rdt_supp1[1],uuid:c8745cb1-375c-4bb1-b202-b8d48680d749/consent_group-section7-section7b-rdt_supp1
M&B NA KUKA MEDICAL,4,,2,KANO,DANGWAURO MARKET,08065532323,uuid:b07e87cf-2805-4ccb-b700-ae7a852ec487,uuid:b07e87cf-2805-4ccb-b700-ae7a852ec487/consent_group-section7-section7b-rdt_supp1[1],uuid:b07e87cf-2805-4ccb-b700-ae7a852ec487/consent_group-section7-section7b-rdt_supp1
HABU,7,,2,KANO STATE,DANGWAURO MARKET.,-9888,uuid:58fb1541-a960-4a27-8492-343fb6427269,uuid:58fb1541-a960-4a27-8492-343fb6427269/consent_group-section7-section7b-rdt_supp1[1],uuid:58fb1541-a960-4a27-8492-343fb6427269/consent_group-section7-section7b-rdt_supp1
ALH. RABIU BATA PHARMACEUTICAL,5,,2,KANO,DANGAURO MARKET,-9888,uuid:223fac29-61eb-4045-b013-5eb9d71e5878,uuid:223fac29-61eb-4045-b013-5eb9d71e5878/consent_group-section7-section7b-rdt_supp1[1],uuid:223fac29-61eb-4045-b013-5eb9d71e5878/consent_group-section7-section7b-rdt_supp1
Balarabe,5,,2,Kano,DANGWORO,Same as antimaleria,uuid:3d1d7eaf-02ef-46db-8465-15f0981c9df6,uuid:3d1d7eaf-02ef-46db-8465-15f0981c9df6/consent_group-section7-section7b-rdt_supp1[1],uuid:3d1d7eaf-02ef-46db-8465-15f0981c9df6/consent_group-section7-section7b-rdt_supp1
LATNAS PHARMACY,5,,2,KANO,DAN GWOURO,-9888,uuid:828d7e68-6d64-4805-9906-322fa481c28e,uuid:828d7e68-6d64-4805-9906-322fa481c28e/consent_group-section7-section7b-rdt_supp1[1],uuid:828d7e68-6d64-4805-9906-322fa481c28e/consent_group-section7-section7b-rdt_supp1
B H PATENT MEDICINE STORE,5,,2,KANO,KATSINA ROAD,08140742811,uuid:89d46e16-84eb-4786-a3cb-6c1c0878ff35,uuid:89d46e16-84eb-4786-a3cb-6c1c0878ff35/consent_group-section7-section7b-rdt_supp1[1],uuid:89d46e16-84eb-4786-a3cb-6c1c0878ff35/consent_group-section7-section7b-rdt_supp1
LATNAS PHARMACY,5,,2,KANO,DAN GWOURO,-9888,uuid:40eb79c2-4ea7-4cbd-810e-763daa31bc4d,uuid:40eb79c2-4ea7-4cbd-810e-763daa31bc4d/consent_group-section7-section7b-rdt_supp1[1],uuid:40eb79c2-4ea7-4cbd-810e-763daa31bc4d/consent_group-section7-section7b-rdt_supp1
BADAMASI KABIR,4,,2,KANO,DANGWAURO MARKET,09044144620,uuid:9768bfd9-53d4-48c8-b68f-a5818062faf7,uuid:9768bfd9-53d4-48c8-b68f-a5818062faf7/consent_group-section7-section7b-rdt_supp1[1],uuid:9768bfd9-53d4-48c8-b68f-a5818062faf7/consent_group-section7-section7b-rdt_supp1
NURA MUSA SAUKI MEDICINE STORE,4,,2,KANO,DANGWAURO MARKET,08068273989,uuid:bb8922c6-e468-4448-b0b8-91e1af0668d6,uuid:bb8922c6-e468-4448-b0b8-91e1af0668d6/consent_group-section7-section7b-rdt_supp1[1],uuid:bb8922c6-e468-4448-b0b8-91e1af0668d6/consent_group-section7-section7b-rdt_supp1
LATINAS,4,,2,KANO,ZARIA ROAD,-9888,uuid:77aad8eb-00da-425e-aabb-dfdd9a995143,uuid:77aad8eb-00da-425e-aabb-dfdd9a995143/consent_group-section7-section7b-rdt_supp1[1],uuid:77aad8eb-00da-425e-aabb-dfdd9a995143/consent_group-section7-section7b-rdt_supp1
IBS PHARMACY,4,,2,KANO,DANGORO,-9888,uuid:77aad8eb-00da-425e-aabb-dfdd9a995143,uuid:77aad8eb-00da-425e-aabb-dfdd9a995143/consent_group-section7-section7b-rdt_supp1[2],uuid:77aad8eb-00da-425e-aabb-dfdd9a995143/consent_group-section7-section7b-rdt_supp1
HUGUMA PHARMACY,5,,2,KANO,DAN GWOURO,-9888,uuid:f35bf19b-8bf3-4dcb-ae3b-96c993546f91,uuid:f35bf19b-8bf3-4dcb-ae3b-96c993546f91/consent_group-section7-section7b-rdt_supp1[1],uuid:f35bf19b-8bf3-4dcb-ae3b-96c993546f91/consent_group-section7-section7b-rdt_supp1
A.B MEDICINE STORE,5,,2,KANO,KURNA,-9888,uuid:9efdf84f-cc2c-4d66-9b0b-95fb11b7bbad,uuid:9efdf84f-cc2c-4d66-9b0b-95fb11b7bbad/consent_group-section7-section7b-rdt_supp1[1],uuid:9efdf84f-cc2c-4d66-9b0b-95fb11b7bbad/consent_group-section7-section7b-rdt_supp1
LATNAS PHARMACY,5,,2,KANO,DAN GWOURO,-9888,uuid:f68f23fe-d307-461a-b6e1-a6bfa9c50c3d,uuid:f68f23fe-d307-461a-b6e1-a6bfa9c50c3d/consent_group-section7-section7b-rdt_supp1[1],uuid:f68f23fe-d307-461a-b6e1-a6bfa9c50c3d/consent_group-section7-section7b-rdt_supp1
DAN HAJIYA,4,,2,KANO STATE,DANGWAURO MARKET,08130444806,uuid:45d9af0d-4fb9-4d46-9dfe-da5beae8352e,uuid:45d9af0d-4fb9-4d46-9dfe-da5beae8352e/consent_group-section7-section7b-rdt_supp1[1],uuid:45d9af0d-4fb9-4d46-9dfe-da5beae8352e/consent_group-section7-section7b-rdt_supp1
DANBUA LABORATORIES EQUIPMENT,4,,2,KANO,KATSINA ROAD,08135321791,uuid:7e42aeb8-6e05-4ffb-86bd-9d2c5a3fa9dc,uuid:7e42aeb8-6e05-4ffb-86bd-9d2c5a3fa9dc/consent_group-section7-section7b-rdt_supp1[1],uuid:7e42aeb8-6e05-4ffb-86bd-9d2c5a3fa9dc/consent_group-section7-section7b-rdt_supp1
GOBIRAWA MEDICALS AND GENERAL ENT. LTD,4,,2,KANO STATE,NO 6 KATSINA ROAD OPP. AUDU MANAGER FILLING STATION KANO STATE.,07068247069/ 07065124924,uuid:2e612735-bb09-4f28-988d-3fc64cace970,uuid:2e612735-bb09-4f28-988d-3fc64cace970/consent_group-section7-section7b-rdt_supp1[1],uuid:2e612735-bb09-4f28-988d-3fc64cace970/consent_group-section7-section7b-rdt_supp1
TRUSTCARE MEDICALS AND PHARMACEUTICALS,5,,2,KANO STATE,"NO. 14, AYM SHESHE PLAZA OPP. MATERNITY GATE, MURTALA MUHAMMAD SPECIALIST HOSPITAL,  KANO.",08032863797/ 08147925555,uuid:2e612735-bb09-4f28-988d-3fc64cace970,uuid:2e612735-bb09-4f28-988d-3fc64cace970/consent_group-section7-section7b-rdt_supp1[2],uuid:2e612735-bb09-4f28-988d-3fc64cace970/consent_group-section7-section7b-rdt_supp1
BADAMASI,4,,2,KANO,CENEMA,08022089475,uuid:3d5ca5f6-acbd-4850-b5d1-3803437632ba,uuid:3d5ca5f6-acbd-4850-b5d1-3803437632ba/consent_group-section7-section7b-rdt_supp1[1],uuid:3d5ca5f6-acbd-4850-b5d1-3803437632ba/consent_group-section7-section7b-rdt_supp1
LATNAS PHARMACEUTICAL CO LTD,5,,2,KANO,DANGORO ZARIA ROAD,-9888,uuid:d0767d66-f88c-4c13-89bc-c417f3d6997f,uuid:d0767d66-f88c-4c13-89bc-c417f3d6997f/consent_group-section7-section7b-rdt_supp1[1],uuid:d0767d66-f88c-4c13-89bc-c417f3d6997f/consent_group-section7-section7b-rdt_supp1
LATNAS PHARMACY,5,,2,KANO,DAN GWOURO,-9888,uuid:3cededd7-b563-40fe-9b56-84d23a63c783,uuid:3cededd7-b563-40fe-9b56-84d23a63c783/consent_group-section7-section7b-rdt_supp1[1],uuid:3cededd7-b563-40fe-9b56-84d23a63c783/consent_group-section7-section7b-rdt_supp1
KUKA PHARMACY,5,,2,KANO,DAN GWOURO,-9888,uuid:3cededd7-b563-40fe-9b56-84d23a63c783,uuid:3cededd7-b563-40fe-9b56-84d23a63c783/consent_group-section7-section7b-rdt_supp1[2],uuid:3cededd7-b563-40fe-9b56-84d23a63c783/consent_group-section7-section7b-rdt_supp1
KUKA MEDICALS,4,,2,KANO,DANGWAURO,0,uuid:3e9dccd2-3e28-4549-a288-9f89d6edb3d3,uuid:3e9dccd2-3e28-4549-a288-9f89d6edb3d3/consent_group-section7-section7b-rdt_supp1[1],uuid:3e9dccd2-3e28-4549-a288-9f89d6edb3d3/consent_group-section7-section7b-rdt_supp1
GALI ADAM ZAKAHRIYYA,4,,2,KANO,DANGORO,08065725527,uuid:deb4d7f6-3c1e-42bb-a823-2d7c67a9988b,uuid:deb4d7f6-3c1e-42bb-a823-2d7c67a9988b/consent_group-section7-section7b-rdt_supp1[1],uuid:deb4d7f6-3c1e-42bb-a823-2d7c67a9988b/consent_group-section7-section7b-rdt_supp1
WADA,4,,2,KANO,DANGORO,09133707424,uuid:deb4d7f6-3c1e-42bb-a823-2d7c67a9988b,uuid:deb4d7f6-3c1e-42bb-a823-2d7c67a9988b/consent_group-section7-section7b-rdt_supp1[2],uuid:deb4d7f6-3c1e-42bb-a823-2d7c67a9988b/consent_group-section7-section7b-rdt_supp1
MUZAMBILU MUHAMMAD,4,,2,KANO STATE,DANDISHI AND DANGWAURO MARKET.,08132660949,uuid:ba94e222-7bfd-436a-9fca-fd09ff5ff6a9,uuid:ba94e222-7bfd-436a-9fca-fd09ff5ff6a9/consent_group-section7-section7b-rdt_supp1[1],uuid:ba94e222-7bfd-436a-9fca-fd09ff5ff6a9/consent_group-section7-section7b-rdt_supp1
ZANGON KABO PHARMACEUTICAL COM LTD,4,,2,KANO,DANGWAURO MARKET,08023606454,uuid:606b1be1-826c-4d98-820c-4701ef4d85c4,uuid:606b1be1-826c-4d98-820c-4701ef4d85c4/consent_group-section7-section7b-rdt_supp1[1],uuid:606b1be1-826c-4d98-820c-4701ef4d85c4/consent_group-section7-section7b-rdt_supp1
AHEAD MEDICINE STORE,7,,2,KANO,YAN KURA BESIDE BATA,08144233375,uuid:36e03d89-f1ad-4ea5-bef9-2daa92a8f7a0,uuid:36e03d89-f1ad-4ea5-bef9-2daa92a8f7a0/consent_group-section7-section7b-rdt_supp1[1],uuid:36e03d89-f1ad-4ea5-bef9-2daa92a8f7a0/consent_group-section7-section7b-rdt_supp1
MUBARAK SANI,4,,2,KANO,DANGWAURO MARKET,07066999922,uuid:7eb9e1a6-3ff3-4257-b27c-e5e98b3d5dc4,uuid:7eb9e1a6-3ff3-4257-b27c-e5e98b3d5dc4/consent_group-section7-section7b-rdt_supp1[1],uuid:7eb9e1a6-3ff3-4257-b27c-e5e98b3d5dc4/consent_group-section7-section7b-rdt_supp1
LATINAS PHARMACEUTICAL STORE,5,,2,KANO,DANGAURO MARKET KANO,-9888,uuid:82025e21-702a-45f5-8d99-378a0a25e007,uuid:82025e21-702a-45f5-8d99-378a0a25e007/consent_group-section7-section7b-rdt_supp1[1],uuid:82025e21-702a-45f5-8d99-378a0a25e007/consent_group-section7-section7b-rdt_supp1
UNIQUE TRUST PHARMACEUTICAL LTD,5,,2,KANO,DANGAURO MARKET,-9888,uuid:610ec387-fbfa-4b9b-81b9-2d633c462d22,uuid:610ec387-fbfa-4b9b-81b9-2d633c462d22/consent_group-section7-section7b-rdt_supp1[1],uuid:610ec387-fbfa-4b9b-81b9-2d633c462d22/consent_group-section7-section7b-rdt_supp1
ZANGON KABO PHARMACEUTICAL,5,,2,KANO,DANGAURO MARKET KANO,-9888,uuid:512267c8-5ffc-4cb8-9871-c3ae5d88cf97,uuid:512267c8-5ffc-4cb8-9871-c3ae5d88cf97/consent_group-section7-section7b-rdt_supp1[1],uuid:512267c8-5ffc-4cb8-9871-c3ae5d88cf97/consent_group-section7-section7b-rdt_supp1
ASHIRU,4,,2,KANO STATE,DANGWAURO MARKET,-9888,uuid:fe7534a5-f358-4633-a010-3fe471143190,uuid:fe7534a5-f358-4633-a010-3fe471143190/consent_group-section7-section7b-rdt_supp1[1],uuid:fe7534a5-f358-4633-a010-3fe471143190/consent_group-section7-section7b-rdt_supp1
LATNAS PHARMACY,5,,2,KANO,DAN GWOURO,-9888,uuid:2ee64b3c-fe5c-4c0d-80d6-920d66f85e57,uuid:2ee64b3c-fe5c-4c0d-80d6-920d66f85e57/consent_group-section7-section7b-rdt_supp1[1],uuid:2ee64b3c-fe5c-4c0d-80d6-920d66f85e57/consent_group-section7-section7b-rdt_supp1
HUZBAL PHARMACEUTICALS LTD,5,,2,KANO,DANGORO ZARIA ROAD,-9888,uuid:fb0f645f-f2ee-44e0-a204-6e6f537eccf0,uuid:fb0f645f-f2ee-44e0-a204-6e6f537eccf0/consent_group-section7-section7b-rdt_supp1[1],uuid:fb0f645f-f2ee-44e0-a204-6e6f537eccf0/consent_group-section7-section7b-rdt_supp1
MAI AKWAI PHARMACY,5,,2,KANO,"KURNA, BESIDE EUROFOAM",-9888,uuid:baa9a784-4479-4fd0-ad09-8c28d90e8946,uuid:baa9a784-4479-4fd0-ad09-8c28d90e8946/consent_group-section7-section7b-rdt_supp1[1],uuid:baa9a784-4479-4fd0-ad09-8c28d90e8946/consent_group-section7-section7b-rdt_supp1
Salisu,4,,2,KUMBOTSO,DANGWAURO,-9888,uuid:2b06a189-bd3d-453e-ad51-cee4fe18b2ae,uuid:2b06a189-bd3d-453e-ad51-cee4fe18b2ae/consent_group-section7-section7b-rdt_supp1[1],uuid:2b06a189-bd3d-453e-ad51-cee4fe18b2ae/consent_group-section7-section7b-rdt_supp1
ALH. RABIU SALISU PHARMACEUTICAL,5,,2,KANO,DANGAURO MARKET,-9888,uuid:a5bdb9f5-88b2-41c7-b2d6-b5bf8b23ade2,uuid:a5bdb9f5-88b2-41c7-b2d6-b5bf8b23ade2/consent_group-section7-section7b-rdt_supp1[1],uuid:a5bdb9f5-88b2-41c7-b2d6-b5bf8b23ade2/consent_group-section7-section7b-rdt_supp1
ALH ALHASSAN USAINI MOHD,4,,2,KANO,DANGORO ZARIA ROAD,09035231693,uuid:77bb18a8-63c3-42f5-9947-d83ff7cadf02,uuid:77bb18a8-63c3-42f5-9947-d83ff7cadf02/consent_group-section7-section7b-rdt_supp1[1],uuid:77bb18a8-63c3-42f5-9947-d83ff7cadf02/consent_group-section7-section7b-rdt_supp1
YUSUF ABUBAKAR SADIQ,7,,2,KANO,BICHI,-9888,uuid:c560af2f-24c6-4262-ac96-e3d354d38cd0,uuid:c560af2f-24c6-4262-ac96-e3d354d38cd0/consent_group-section7-section7b-rdt_supp1[1],uuid:c560af2f-24c6-4262-ac96-e3d354d38cd0/consent_group-section7-section7b-rdt_supp1
IKOLO PHARMACY AND STORE LTD,5,,2,KANO,DANGAURO MARKET KANO,08060548908,uuid:95618f30-28f1-4664-aa14-689a9daaae29,uuid:95618f30-28f1-4664-aa14-689a9daaae29/consent_group-section7-section7b-rdt_supp1[1],uuid:95618f30-28f1-4664-aa14-689a9daaae29/consent_group-section7-section7b-rdt_supp1
I.B.S SHUKURA PHARM. LTD,5,,2,KANO,DANGAURO MARKET KANO,-9888,uuid:d7911b43-016b-4abd-9243-16019c9f274f,uuid:d7911b43-016b-4abd-9243-16019c9f274f/consent_group-section7-section7b-rdt_supp1[1],uuid:d7911b43-016b-4abd-9243-16019c9f274f/consent_group-section7-section7b-rdt_supp1
LATNAS PHARMACY,5,,2,KANO,DAN GWOURO,-9888,uuid:a40b1a69-3fa3-4c49-8db6-c97a4be712d0,uuid:a40b1a69-3fa3-4c49-8db6-c97a4be712d0/consent_group-section7-section7b-rdt_supp1[1],uuid:a40b1a69-3fa3-4c49-8db6-c97a4be712d0/consent_group-section7-section7b-rdt_supp1
1,5,,2,KANO,"GEZAWA, TSAMIYA BABBA",-9888,uuid:0aef9f04-a87a-4bd4-9b8a-eff4c6053a6d,uuid:0aef9f04-a87a-4bd4-9b8a-eff4c6053a6d/consent_group-section7-section7b-rdt_supp1[1],uuid:0aef9f04-a87a-4bd4-9b8a-eff4c6053a6d/consent_group-section7-section7b-rdt_supp1
RABIU MAHMUD,5,,2,KANO,KWANAR DANGORO,07033359223,uuid:a4445186-3c81-4cdf-a4d7-cad6cb7ada6a,uuid:a4445186-3c81-4cdf-a4d7-cad6cb7ada6a/consent_group-section7-section7b-rdt_supp1[1],uuid:a4445186-3c81-4cdf-a4d7-cad6cb7ada6a/consent_group-section7-section7b-rdt_supp1
IKOLO PHARMACY,5,,2,KANO,MURTALA MUHAMMAD,08160972673,uuid:36b5634b-644a-4b4f-a33a-ca9e10a616d7,uuid:36b5634b-644a-4b4f-a33a-ca9e10a616d7/consent_group-section7-section7b-rdt_supp1[1],uuid:36b5634b-644a-4b4f-a33a-ca9e10a616d7/consent_group-section7-section7b-rdt_supp1
KUKA BAKWAI MEDICINE STORE,5,,2,KANO,BLOCK D DANGWORO,08020589829,uuid:baa86661-d1e4-4149-9735-33e11ac39816,uuid:baa86661-d1e4-4149-9735-33e11ac39816/consent_group-section7-section7b-rdt_supp1[1],uuid:baa86661-d1e4-4149-9735-33e11ac39816/consent_group-section7-section7b-rdt_supp1
DARUL SIHHA MEDICALS STORE,96,DEALER,2,KANO,ZARIA ROAD DANGWAURO MARKET,08025578301,uuid:40e189d5-797b-4b1e-a3ef-9ed24c94a8a5,uuid:40e189d5-797b-4b1e-a3ef-9ed24c94a8a5/consent_group-section7-section7b-rdt_supp1[1],uuid:40e189d5-797b-4b1e-a3ef-9ed24c94a8a5/consent_group-section7-section7b-rdt_supp1
LATNAS PHARMACY,5,,2,KANO,DAN GWOURO,-9888,uuid:ec224222-fe93-417f-a108-04e8a65aa7a6,uuid:ec224222-fe93-417f-a108-04e8a65aa7a6/consent_group-section7-section7b-rdt_supp1[1],uuid:ec224222-fe93-417f-a108-04e8a65aa7a6/consent_group-section7-section7b-rdt_supp1
LATNAS PHARMACY,5,,2,KANO,-9888,-9888,uuid:1da01847-65d7-4a74-9e63-960b22c62b0c,uuid:1da01847-65d7-4a74-9e63-960b22c62b0c/consent_group-section7-section7b-rdt_supp1[1],uuid:1da01847-65d7-4a74-9e63-960b22c62b0c/consent_group-section7-section7b-rdt_supp1
HUGUMA MEDICINE STORE,5,,2,KANO,DAN GWOURO,-9888,uuid:c795d996-d448-412f-b8fa-e7f8c5428029,uuid:c795d996-d448-412f-b8fa-e7f8c5428029/consent_group-section7-section7b-rdt_supp1[1],uuid:c795d996-d448-412f-b8fa-e7f8c5428029/consent_group-section7-section7b-rdt_supp1
SIMON MEDICINE STORE,5,,2,KANO,"GEZAWA, TSAMIYA BABBA",-9888,uuid:8eb42926-87b1-4873-91c8-ba3c6e85e3f9,uuid:8eb42926-87b1-4873-91c8-ba3c6e85e3f9/consent_group-section7-section7b-rdt_supp1[1],uuid:8eb42926-87b1-4873-91c8-ba3c6e85e3f9/consent_group-section7-section7b-rdt_supp1
MAJIMA PHARMACY,5,,2,KANO,DAN GWOURO,09037303534,uuid:3ad7dd4c-857c-4ade-aefd-5016614e874a,uuid:3ad7dd4c-857c-4ade-aefd-5016614e874a/consent_group-section7-section7b-rdt_supp1[1],uuid:3ad7dd4c-857c-4ade-aefd-5016614e874a/consent_group-section7-section7b-rdt_supp1
FRIDAY,4,,2,KANO,LARABAN ABASAWA ROAD,08161630459,uuid:eb8f483b-eaa7-403e-9844-48ec1686d2dc,uuid:eb8f483b-eaa7-403e-9844-48ec1686d2dc/consent_group-section7-section7b-rdt_supp1[1],uuid:eb8f483b-eaa7-403e-9844-48ec1686d2dc/consent_group-section7-section7b-rdt_supp1
ABBA,4,,2,KANO,LARABAN ABASAWA ROAD,08101228787,uuid:eb8f483b-eaa7-403e-9844-48ec1686d2dc,uuid:eb8f483b-eaa7-403e-9844-48ec1686d2dc/consent_group-section7-section7b-rdt_supp1[2],uuid:eb8f483b-eaa7-403e-9844-48ec1686d2dc/consent_group-section7-section7b-rdt_supp1
M.S.G GLOBAL MEDICINE,5,,2,KANO,BLOCK BDS 2006 DANGAWURO DRUG MARKET,08067183322,uuid:b5b8e289-e6ec-4089-9350-5f81f8e447a3,uuid:b5b8e289-e6ec-4089-9350-5f81f8e447a3/consent_group-section7-section7b-rdt_supp1[1],uuid:b5b8e289-e6ec-4089-9350-5f81f8e447a3/consent_group-section7-section7b-rdt_supp1